model,scene,nodeType,methodName,totalTime,execCount
supplychain-planner,性能测试1/3,ProductInStockingPointInPeriod,calcPurchaseOrderSuppliesFulfilledDemands,17856,41664
supplychain-planner,性能测试1/3,PeriodTask,calcMinusFlag,5714,15824
supplychain-planner,性能测试1/3,NewSupply,calcResourceReason,6199,7912
supplychain-planner,性能测试1/3,ProductInStockingPointInPeriod,calcAllProductionRoutings,185652,83188
supplychain-planner,性能测试1/3,ProductInStockingPointInPeriod,calcPhysicalInventoryLevelStart,18628,41664
supplychain-planner,性能测试1/3,ProductInStockingPointInPeriodForPP,calcNext,95493,55552
supplychain-planner,性能测试1/3,ProductInStockingPointInPeriod,calcReplaceNewSupplyInfo,14276,41664
supplychain-planner,性能测试1/3,DependentDemand,calcQuantity,3254,3948
supplychain-planner,性能测试1/3,PlanOrder,calcIsBeforeStartOfPlanningHorizon,7285,13853
supplychain-planner,性能测试1/3,ProductInStockingPointInPeriod,calcHasLaterFulfilledDemandForOG,16814,41664
supplychain-planner,性能测试1/3,ProductRoutingInMonth,calcToPlant,647,987
supplychain-planner,性能测试1/3,SupplyChainUnit,calcLevel,339,195
supplychain-planner,性能测试1/3,ProductRoutingInMonth,calcProductRoutingInDaysOnOwner,23074,987
supplychain-planner,性能测试1/3,UnitPeriodTime,calcOverLoadCapacity,516,2654
supplychain-planner,性能测试1/3,ProductRoutingInDay,calcUnitId,132846,34545
supplychain-planner,性能测试1/3,ProductInStockingPointInPeriod,calcDependentDemands,67874,83328
supplychain-planner,性能测试1/3,UnitPeriodQuantity,calcPreviousPeriodLastShiftDay,8,35
supplychain-planner,性能测试1/3,UnitPeriodQuantity,calcUnitPeriodMutexInPeriodHasUsedCapacity,4,35
supplychain-planner,性能测试1/3,ProductInStockingPoint,calcIsImbalance,19019,11904
supplychain-planner,性能测试1/3,ProductInStockingPoint,calcIsSemiProductBetweenGroup,3659,5952
supplychain-planner,性能测试1/3,PeriodTask,calcMoqFlg,3554,15824
supplychain-planner,性能测试1/3,InputProduct,calcHasLikToProductInStockingPoint,645,1979
supplychain-planner,性能测试1/3,PeriodTask,calcSupplyChainPlanner,5307,7912
supplychain-planner,性能测试1/3,ProductInStockingPointInPeriod,calcInventorySupplyQuantity,19346,41664
supplychain-planner,性能测试1/3,ProductRoutingStepOnUnit,calcIsExpired,1501,1979
supplychain-planner,性能测试1/3,ProductInStockingPoint,calcMonthlyInnerNewSupplyQuantityN,7906,11904
supplychain-planner,性能测试1/3,UnitPeriodQuantity,calcOverLoadCapacity,7,35
supplychain-planner,性能测试1/3,PeriodTask,calcRequiredCapacity,4511,7912
supplychain-planner,性能测试1/3,UnitPeriodTime,calcUnitAvailabilitiesOnOwner,1125,1428
supplychain-planner,性能测试1/3,PeriodTask,calcResourceReason,16326,31648
supplychain-planner,性能测试1/3,UnitPeriodTime,calcSupplyChainPlanner,1284,1330
supplychain-planner,性能测试1/3,ProductRoutingStep,calcHasMultipleAllowedUnit,631,1979
supplychain-planner,性能测试1/3,PeriodTask,calcRequiredInventoryForPostProcessing,4271,15824
supplychain-planner,性能测试1/3,BillOfMaterial,calcProduct,2973,1984
supplychain-planner,性能测试1/3,PlanOrder,calcOutputs,20314,13853
supplychain-planner,性能测试1/3,UnitPeriodTime,calcNrOfTemporaryClose,100,1330
supplychain-planner,性能测试1/3,Period,calcIsWithinKPIHorizon,17,7
supplychain-planner,性能测试1/3,PlanOrder,calcLotSize,21322,13853
supplychain-planner,性能测试1/3,Period,calcProductionQuantity,767777,6916
supplychain-planner,性能测试1/3,ProductRoutingInMonth,calcInputs,1835,987
supplychain-planner,性能测试1/3,UnitPeriodTime,calcIsFreeCapacityZero,2042,2023
supplychain-planner,性能测试1/3,DependentDemand,calcInvalidRoutingFlag,2905,3948
supplychain-planner,性能测试1/3,DependentDemand,calcReplacePriorityLevel,2851,3948
supplychain-planner,性能测试1/3,ProductInStockingPoint,calcHasProductRoutingForProduction,9211,7926
supplychain-planner,性能测试1/3,ProductInStockingPoint,calcCumulativePISPs,24715,6939
supplychain-planner,性能测试1/3,Period,calcPreviousPeriodDefinition,5,7
supplychain-planner,性能测试1/3,Period,calcTotalDaysInYearAsReal,8,7
supplychain-planner,性能测试1/3,InputProduct,calcQuantity,525,1979
supplychain-planner,性能测试1/3,Period,calcTimePriority,30,14
supplychain-planner,性能测试1/3,ProductInStockingPointInPeriodForPP,calcInventoryLevelEnd,7755,27776
supplychain-planner,性能测试1/3,PlanOrder,calcPISPIP,19437,21765
supplychain-planner,性能测试1/3,PlanOrder,calcHasMinOQInThisPeriod,3502,13853
supplychain-planner,性能测试1/3,PlanOrder,calcIsInnerTransfer,6888,13853
supplychain-planner,性能测试1/3,ProductInStockingPoint,calcMonthlyInventoryEndN,6743,11904
supplychain-planner,性能测试1/3,ProductInStockingPointInPeriod,calcEnd,308719,41664
supplychain-planner,性能测试1/3,ProductInStockingPointInPeriod,calcLaterFulfilledSalesDemands,16252,41664
supplychain-planner,性能测试1/3,ProductRouting,calcIsInUse,1273,3957
supplychain-planner,性能测试1/3,ProductInStockingPointInPeriod,calcMaxCapacity,16181,41664
supplychain-planner,性能测试1/3,Period,calcTotalUsedCapacity,2997,476
supplychain-planner,性能测试1/3,PeriodDefinition,calcStart,1,1
supplychain-planner,性能测试1/3,InputProduct,calcFactor,3146,3958
supplychain-planner,性能测试1/3,SupplyChain,calcPlanOrders,9500,8
supplychain-planner,性能测试1/3,StockingPoint,calcStockingPointCapacities,8,8
supplychain-planner,性能测试1/3,ProductInStockingPoint,calcFulfilledSalesDemandQuantityForN,6968,11904
supplychain-planner,性能测试1/3,ProductInStockingPoint,targetInventorySpecifications,4079,5952
supplychain-planner,性能测试1/3,NewSupply,calcNewSupplyInfo,2964,11860
supplychain-planner,性能测试1/3,PlanOrderStep,calcPreviousProductRoutingStep,4953,13853
supplychain-planner,性能测试1/3,Product,calcFeedbackQuantity,684,1989
supplychain-planner,性能测试1/3,Period,calcInterestRate,14,7
supplychain-planner,性能测试1/3,SupplyChainUnit,calcHasProductRoutingIncludingChildren,2679,404
supplychain-planner,性能测试1/3,Period,calcStartDate,9,7
supplychain-planner,性能测试1/3,DependentDemand,calcProductId,4609,3948
supplychain-planner,性能测试1/3,ProductInStockingPointInPeriod,calcNextPeriodTargetInDaysFactor,23594,41664
supplychain-planner,性能测试1/3,UnitPeriodTime,calcTotalMinCapacity,92,1330
supplychain-planner,性能测试1/3,Product,calcCurrentInventories,1188,1989
supplychain-planner,性能测试1/3,Product,calcTotalUnfulfilledQuantityN2,1022,1989
supplychain-planner,性能测试1/3,Product,calcTotalUnfulfilledQuantityN1,984,1989
supplychain-planner,性能测试1/3,ProductRoutingStep,calcIsLast,1773,1979
supplychain-planner,性能测试1/3,Product,calcTotalUnfulfilledQuantityN3,1007,1989
supplychain-planner,性能测试1/3,ProductInStockingPointInPeriod,calcProductInStockingPointName,143766,41664
supplychain-planner,性能测试1/3,PlanOrder,calcPreviousPlanOrderSteps,23819,25727
supplychain-planner,性能测试1/3,Product,calcDeliveredInCurrentMonth,3538,3973
supplychain-planner,性能测试1/3,ProductRouting,calcBillOfMaterials,13532,1979
supplychain-planner,性能测试1/3,ProductRoutingInMonth,calcStartTime,1569,987
supplychain-planner,性能测试1/3,UnitPeriodTime,calcTotalCapacity,1777,1330
supplychain-planner,性能测试1/3,Product,calcTotalQuantityDemand,667,1989
supplychain-planner,性能测试1/3,PeriodDefinition,calcNumberOfFrozenPeriod,1,1
supplychain-planner,性能测试1/3,Product,calcInspectionAndPurchaseDuration,1128,1989
supplychain-planner,性能测试1/3,Period,calcPeriodDefinitionSequence,8,7
supplychain-planner,性能测试1/3,ProductRouting,calcProductName,18871,1979
supplychain-planner,性能测试1/3,UnitPeriodTime,calcVariableCost,238,1330
supplychain-planner,性能测试1/3,ProductInStockingPointInPeriodForPP,calcAbnormalReasons,16349,31724
supplychain-planner,性能测试1/3,PeriodTask,calcStartDate,3838,7912
supplychain-planner,性能测试1/3,ProductInStockingPoint,calcProductInStockingPointInMonth3,7466,11904
supplychain-planner,性能测试1/3,ProductInStockingPoint,calcProductInStockingPointInMonth2,7648,11904
supplychain-planner,性能测试1/3,ProductRoutingInMonth,calcFromPlant,581,987
supplychain-planner,性能测试1/3,ProductInStockingPoint,calcProductInStockingPointInMonth1,7656,11904
supplychain-planner,性能测试1/3,ProductInStockingPoint,calcProductInStockingPointInMonth0,33138,11904
supplychain-planner,性能测试1/3,DependentDemand,calcInputValidTill,2865,3948
supplychain-planner,性能测试1/3,UnitPeriodQuantity,calcMutexProductions,7,35
supplychain-planner,性能测试1/3,DependentDemand,calcInventoryFlagGroup,1523,3964
supplychain-planner,性能测试1/3,UnitPeriodQuantity,calcMaxCapacity,1265,63
supplychain-planner,性能测试1/3,InputProduct,calcCumulativePISPs,738,1979
supplychain-planner,性能测试1/3,PlanOrder,calcPlantId,22126,13853
supplychain-planner,性能测试1/3,PeriodTask,calcUnitPeriodMutexInPeriodHasUsedCapacity,2406,7912
supplychain-planner,性能测试1/3,ProductInStockingPointInPeriod,calcSalesDemandQuantity,17996,41664
supplychain-planner,性能测试1/3,Product,calcProductRouting,19753,5967
supplychain-planner,性能测试1/3,BusinessKPI,calcSupplyChainUnitNode,50,1
supplychain-planner,性能测试1/3,NewSupply,calcInputForReplace,99648,11860
supplychain-planner,性能测试1/3,ProductInStockingPoint,calcIsActiveProductLevel,12721,5952
supplychain-planner,性能测试1/3,UnitPeriodQuantity,calcUtilization,8,35
supplychain-planner,性能测试1/3,UnitPeriodTime,calcUnitCapacity,227,1330
supplychain-planner,性能测试1/3,NewSupply,calcFirstDependentDemand,9503,11860
supplychain-planner,性能测试1/3,BusinessKPI,calcProductionQuantity,6,2
supplychain-planner,性能测试1/3,PeriodTask,calcLeadVicePeriodTasks,2973,7912
supplychain-planner,性能测试1/3,Product,calcReleaseInventoryQuantity,804,1989
supplychain-planner,性能测试1/3,ProductRoutingStep,calcQuantityInFactor,2981,2966
supplychain-planner,性能测试1/3,ProductRoutingInDay,calcDetectedPISPIPForPiece,203034,34545
supplychain-planner,性能测试1/3,PlanOrder,calcIsFroze,6807,13853
supplychain-planner,性能测试1/3,ProductInStockingPoint,calcIsUndetectedStockingPoint,6089,5952
supplychain-planner,性能测试1/3,ProductRouting,calcPlanOrders,32455,3958
supplychain-planner,性能测试1/3,DependentDemand,calcInvalidRoutingInfoFromPispip,2801,3948
supplychain-planner,性能测试1/3,PlanOrder,calcReleaseTag,5509,13853
supplychain-planner,性能测试1/3,DependentDemand,calcProduct,4355,3948
supplychain-planner,性能测试1/3,PlanOrder,calcIsInReleaseHorizon,13077,13853
supplychain-planner,性能测试1/3,ProductInStockingPointInPeriodForPP,calcProductRoutingInDays,171794,55552
supplychain-planner,性能测试1/3,PeriodTask,calcBaseCost,2508,7912
supplychain-planner,性能测试1/3,ProductRoutingStep,calYield,6211,4945
supplychain-planner,性能测试1/3,ProductRoutingInDay,calcOutputProduct,144074,34545
supplychain-planner,性能测试1/3,ProductInStockingPointInMonth,calcPispipForPiecesOnOwner,27645,9921
supplychain-planner,性能测试1/3,ProductInStockingPointInPeriod,calcInvalidRoutingInfo,215668,207732
supplychain-planner,性能测试1/3,ProductInStockingPoint,calcProductInStockingPointInMonths,35889,11904
supplychain-planner,性能测试1/3,UnitPeriodTime,calcUnitPeriodMutexInPeriod,208,1330
supplychain-planner,性能测试1/3,ProductRouting,calcUnitId,20370,1979
supplychain-planner,性能测试1/3,ProductInStockingPointInMonth,calcStockingPointAttribute,13739,5952
supplychain-planner,性能测试1/3,ProductInStockingPointInPeriodForPP,calcProductInStockingPoint,190568,27776
supplychain-planner,性能测试1/3,UnitPeriodQuantity,calcUnitPeriodMutexExtra,8,35
supplychain-planner,性能测试1/3,ProductInStockingPoint,calcTotalOriginalSalesDemandQuantity,1859,5952
supplychain-planner,性能测试1/3,Product,calcHasValidProductLevel,1998,5962
supplychain-planner,性能测试1/3,ProductInStockingPointInPeriod,calcReleasePISPs,170709,41664
supplychain-planner,性能测试1/3,UnitPeriodQuantity,calcProductCapacityInUnitPeriods,17,35
supplychain-planner,性能测试1/3,ProductInStockingPointInPeriod,calcRate,72009,41664
supplychain-planner,性能测试1/3,ProductInStockingPointInPeriodForPP,calcOriginalSalesDemandQuantity,17785,27776
supplychain-planner,性能测试1/3,ProductRoutingInMonth,calcProduct,2734,987
supplychain-planner,性能测试1/3,Product,calcPlanOrders,17736,3963
supplychain-planner,性能测试1/3,PeriodTask,calcProductNameOfOutput,5066,7912
supplychain-planner,性能测试1/3,BillOfMaterial,calcBillOfMaterialsOnSameProduct,2613,1984
supplychain-planner,性能测试1/3,Product,calcOrderTypeName,728,1989
supplychain-planner,性能测试1/3,SupplyChainUnit,calcParent,634,195
supplychain-planner,性能测试1/3,PlanOrderStep,calcIsProductionOrder,13773,13853
supplychain-planner,性能测试1/3,ProductRoutingInDay,calcDetectProductInStockingPoints,149603,34545
supplychain-planner,性能测试1/3,ProductInStockingPoint,calcIsConventionalProduct,12759,5952
supplychain-planner,性能测试1/3,ProductInStockingPointInPeriod,calcLaterFulfilledInfo,19883,41664
supplychain-planner,性能测试1/3,ProductInStockingPoint,calcTotalLeadTime,1866,5952
supplychain-planner,性能测试1/3,ProductInStockingPoint,calcTargetInventoryLevelEndForN1Release,3167,5952
supplychain-planner,性能测试1/3,SupplyChainUnit,calcHasChildren,242,195
supplychain-planner,性能测试1/3,SupplyChainUnit,calcUnitAvailabilities,453,390
supplychain-planner,性能测试1/3,ProductRouting,calcBomVer,9482,1979
supplychain-planner,性能测试1/3,PeriodDefinition,calcFirstPeriod,9,2
supplychain-planner,性能测试1/3,GlobalParameter,calcDefaultInventoryLadderCoef,12,1
supplychain-planner,性能测试1/3,SupplyChainUnit,calcIsUnitIdBlank,113,195
supplychain-planner,性能测试1/3,PlanOrder,calcToPISP,19601,13853
supplychain-planner,性能测试1/3,ProductInStockingPointInMonth,calcFulfilledDependentDemandInfo,10153,23808
supplychain-planner,性能测试1/3,Period,calcProductionPlanOrders,19834172,6922
supplychain-planner,性能测试1/3,PeriodTask,calcUnitIdOfProductRouting,6007,7912
supplychain-planner,性能测试1/3,PlanOrderStep,calcOutPispip,21359,13853
supplychain-planner,性能测试1/3,ProductInStockingPointInPeriod,calcHasChildren,16906,41664
supplychain-planner,性能测试1/3,UnitPeriodTime,calcUsedCapacity,1709,1598
supplychain-planner,性能测试1/3,ProductRoutingStepOnUnit,calcPeriodTasks,11929,3958
supplychain-planner,性能测试1/3,PlanOrder,calcToSP,20880,13853
supplychain-planner,性能测试1/3,ProductInStockingPoint,calcDetectionStatus,11399,5952
supplychain-planner,性能测试1/3,DependentDemand,calcInventoryInfo,3376,7896
supplychain-planner,性能测试1/3,ProductInStockingPointInMonth,calcInnerNewSupplyQuantity,6594,23808
supplychain-planner,性能测试1/3,ProductInStockingPointInPeriod,calcFulfilledDemandQuantity,14235,41664
supplychain-planner,性能测试1/3,PlanOrder,calcFrozenQuantity,5684,13853
supplychain-planner,性能测试1/3,SupplyChainPlanner,calcScheduleSpan,535,3
supplychain-planner,性能测试1/3,Product,calcStatisticStockingPoints,859,1989
supplychain-planner,性能测试1/3,PlanOrder,calcEnd,25412,13853
supplychain-planner,性能测试1/3,ProductInStockingPointInPeriod,calcPurchaseNewSupplies,47128,49576
supplychain-planner,性能测试1/3,ProductInStockingPointInPeriod,calcFulfilledDependentDemandQuantity,21978,45612
supplychain-planner,性能测试1/3,ProductInStockingPointInMonth,calcTargetInventoryLevelEnd,10459,23808
supplychain-planner,性能测试1/3,OutputProduct,calcIsExceedSchedule,317,1979
supplychain-planner,性能测试1/3,ProductInStockingPoint,calcProductInStockingPointInPeriods,70854,11904
supplychain-planner,性能测试1/3,ProductInStockingPointInPeriod,calcIsPeriodFrozen,38514,41664
supplychain-planner,性能测试1/3,ProductInStockingPoint,calcFulfilledSalesDemandQuantityForN3,2903,5952
supplychain-planner,性能测试1/3,ProductInStockingPoint,calcFulfilledSalesDemandQuantityForN1,2000,5952
supplychain-planner,性能测试1/3,ProductInStockingPoint,calcFulfilledSalesDemandQuantityForN2,2972,5952
supplychain-planner,性能测试1/3,Product,calcMaterialShortageTime,9854,7941
supplychain-planner,性能测试1/3,ProductInStockingPointInPeriod,calcInventoryLevelStart,18731,41664
supplychain-planner,性能测试1/3,BusinessKPI,calcSupplyChainUnits,6786,244
supplychain-planner,性能测试1/3,PeriodTask,calcNextUnitPeriod,5335,7912
supplychain-planner,性能测试1/3,SupplyChainUnit,calcUnitOfMeasure,150,195
supplychain-planner,性能测试1/3,Period,calcNextPeriodDefinition,4,7
supplychain-planner,性能测试1/3,ProductRoutingInMonth,calcToPISP,1865,987
supplychain-planner,性能测试1/3,OutputProduct,calcProduct,4288,1979
supplychain-planner,性能测试1/3,Product,calcSalesOrderDemandsForN2,1216,1989
supplychain-planner,性能测试1/3,Product,calcSalesOrderDemandsForN1,1113,1989
supplychain-planner,性能测试1/3,ProductInStockingPoint,calcMonthlyNewSupplyQuantityN1DiffTag,1504,5952
supplychain-planner,性能测试1/3,Product,calcSalesOrderDemandsForN3,1207,1989
supplychain-planner,性能测试1/3,ProductInStockingPointInPeriod,calcInnerNewSupplyInfo,16080,41664
supplychain-planner,性能测试1/3,ProductInStockingPoint,calcTargetServiceLevel,6955,5952
supplychain-planner,性能测试1/3,ProductInStockingPointInPeriod,calcInventoryCostRate,15913,41664
supplychain-planner,性能测试1/3,ProductRouting,calcValidFrom,14824,1979
supplychain-planner,性能测试1/3,ProductRoutingStep,calcValidTill,3038,1979
supplychain-planner,性能测试1/3,ProductRouting,calcPlanOrderQuantity,4673,3958
supplychain-planner,性能测试1/3,SupplyChainUnit,calcUserMaximumLoadPercentage,82,195
supplychain-planner,性能测试1/3,ProductRoutingInDay,calcPlantId,134201,34545
supplychain-planner,性能测试1/3,Product,calcInsertOrderDemands,1176,1989
supplychain-planner,性能测试1/3,ProductRoutingInMonth,calcIsForProduction,1075,987
supplychain-planner,性能测试1/3,ProductInStockingPointInMonth,calcInventoryLevelEnd,4187,23808
supplychain-planner,性能测试1/3,Period,calcPostponedFulfillmentRatio,4,7
supplychain-planner,性能测试1/3,OutputProduct,calcInputsInSameRouting,2502,4950
supplychain-planner,性能测试1/3,ProductRouting,calcIsSupplierRouting,5584,1979
supplychain-planner,性能测试1/3,ProductInStockingPoint,calcInitTargetInventoryLevelEnd,3091,5952
supplychain-planner,性能测试1/3,ProductRouting,calcBomValidFrom,12500,1979
supplychain-planner,性能测试1/3,OutputProduct,calcProductInStokingPointId,1424,1979
supplychain-planner,性能测试1/3,DependentDemand,calcLeadDuration,2202,3948
supplychain-planner,性能测试1/3,ProductInStockingPoint,calcFulfilledDependentDemandQuantityForN1,1907,5952
supplychain-planner,性能测试1/3,UnitPeriodTime,calcUnitCapacitiesOnOwner,438,1330
supplychain-planner,性能测试1/3,ProductInStockingPoint,calcFulfilledDependentDemandQuantityForN2,2778,5952
supplychain-planner,性能测试1/3,ProductInStockingPoint,calcFulfilledDependentDemandQuantityForN3,2872,5952
supplychain-planner,性能测试1/3,DependentDemand,calcRelativeDuration,3465,3948
supplychain-planner,性能测试1/3,StockingPoint,calcStockingPointInPeriods,7,8
supplychain-planner,性能测试1/3,ProductInStockingPoint,calcChildrenPISP,4795,5952
supplychain-planner,性能测试1/3,SupplyChainPlanner,calcLatestFrozenPeriodEnd,564,1
supplychain-planner,性能测试1/3,PlanOrder,calcRemainQuantity,3668,13853
supplychain-planner,性能测试1/3,UnitPeriodQuantity,calcHasPreviousAndBelongToSameShiftPattern,7,35
supplychain-planner,性能测试1/3,SupplyChain,calcProductionQuantity,1770,7
supplychain-planner,性能测试1/3,ProductInStockingPointInPeriod,calcReplaceNewSupplyQuantity,17098,41664
supplychain-planner,性能测试1/3,ProductInStockingPointInPeriod,calcNewSupplyQuantity,22680,49576
supplychain-planner,性能测试1/3,ProductInStockingPointInMonth,calcPhysicalInventoryLevelEnd,5114,23808
supplychain-planner,性能测试1/3,UnitPeriodQuantity,calcUnitId,87,35
supplychain-planner,性能测试1/3,UnitPeriodTime,calcCapacityLoadPercentage,371,2023
supplychain-planner,性能测试1/3,Product,calcBillOfMaterialsAsRM,2919,1989
supplychain-planner,性能测试1/3,ProductInStockingPoint,calcMonthlyNewSupplyQuantityNDiffTag,1507,5952
supplychain-planner,性能测试1/3,ProductInStockingPointInPeriod,calcMinimumInventoryLevel,23370,41664
supplychain-planner,性能测试1/3,OutputProduct,calcSupplyChainPlanner,2578,1979
supplychain-planner,性能测试1/3,ProductRoutingStep,calcIsFirst,1913,1979
supplychain-planner,性能测试1/3,PlanOrder,calcFirstStep,24103,13853
supplychain-planner,性能测试1/3,UnitPeriodQuantity,calcTotalMinCapacity,17,35
supplychain-planner,性能测试1/3,PlanOrder,calcMinUserSetQuantity,9140,25727
supplychain-planner,性能测试1/3,SupplyChainUnit,calcUnitPeriodTimes,1191,390
supplychain-planner,性能测试1/3,ProductRoutingStep,calcQuantityOutWithoutByProductsFactor,2336,3958
supplychain-planner,性能测试1/3,PeriodTask,calcIsLastPeriodTask,4072,7912
supplychain-planner,性能测试1/3,ProductInStockingPointInPeriodForPP,calcDetectProductRoutingInDays,1581322,1022644
supplychain-planner,性能测试1/3,UnitPeriodQuantity,calcChildrenUnitPeriods,6,35
supplychain-planner,性能测试1/3,PlanOrder,calcIsForProduction,48864,13853
supplychain-planner,性能测试1/3,ProductInStockingPointInPeriod,calcSystemFulfilledQuantity,44231,45612
supplychain-planner,性能测试1/3,SupplyChainUnit,calcPlantId,292,195
supplychain-planner,性能测试1/3,SupplyChainUnit,calcProductRoutingStepOnUnits,1572,585
supplychain-planner,性能测试1/3,DependentDemand,calcFirstPriority,2834,3948
supplychain-planner,性能测试1/3,Product,calcProductLevel,6546,3973
supplychain-planner,性能测试1/3,ProductInStockingPoint,calcTotalFulfilledSalesDemandQuantity,1756,5952
supplychain-planner,性能测试1/3,ProductInStockingPointInMonth,calcProductInStockingPointInPeriods,76354,53566
supplychain-planner,性能测试1/3,Product,calcMinInputQuantity,2646,1989
supplychain-planner,性能测试1/3,Period,calcScp,11,7
supplychain-planner,性能测试1/3,ProductInStockingPointInPeriod,calcTargetInventorySpecifications,20633,41664
supplychain-planner,性能测试1/3,ProductInStockingPoint,calcSuggestInventoryLevelEnd,2754,5952
supplychain-planner,性能测试1/3,PeriodTask,calcPISPIPsForDependentDemand,20445,11860
supplychain-planner,性能测试1/3,SupplyChainUnit,calcCurrency,512,195
supplychain-planner,性能测试1/3,ProductInStockingPointInPeriod,calcInventoryCost,27580,41664
supplychain-planner,性能测试1/3,PeriodTask,calcCost,2205,7912
supplychain-planner,性能测试1/3,PeriodTask,calcProduct,8664,7912
supplychain-planner,性能测试1/3,Period,calcEndDate,11,7
supplychain-planner,性能测试1/3,ProductRoutingStep,calcNext,1525,1979
supplychain-planner,性能测试1/3,SupplyChainUnit,calcProductCapacityInUnits,159,195
supplychain-planner,性能测试1/3,Product,calcFrozenQuantity,1779,2976
supplychain-planner,性能测试1/3,UnitPeriodTime,calcMaintenanceFactor,3119,1428
supplychain-planner,性能测试1/3,UnitPeriodTime,calcMaximumLoadPercentage,1130,1330
supplychain-planner,性能测试1/3,Product,calcInsertOrderDemandsForN1,971,1989
supplychain-planner,性能测试1/3,ProductRouting,calcPlanOrderQuantityForN,701,2966
supplychain-planner,性能测试1/3,Product,calcDetectInventoryQuantity,648,1989
supplychain-planner,性能测试1/3,Product,calcInsertOrderDemandsForN2,1075,1989
supplychain-planner,性能测试1/3,Product,calcTotalLeadTime,662,1989
supplychain-planner,性能测试1/3,Product,calcInsertOrderDemandsForN3,1374,1989
supplychain-planner,性能测试1/3,ProductRouting,calcCostPerQuantity,17367,1979
supplychain-planner,性能测试1/3,ProductRoutingStep,calcOutputQuantity,4285,2966
supplychain-planner,性能测试1/3,UnitPeriodQuantity,calcCurrencyInPeriod,4,35
supplychain-planner,性能测试1/3,SupplyChainPlanner,calcEndOfFrozenPeriod,528,1
supplychain-planner,性能测试1/3,Period,calcCanBeReleased,10,7
supplychain-planner,性能测试1/3,ProductInStockingPointInPeriod,calcDetectedInventorySuppliesFulfilledDemands,18479,41664
supplychain-planner,性能测试1/3,UnitPeriodTime,calcUtilization,2923,1428
supplychain-planner,性能测试1/3,ProductRoutingStep,calcQuantityToProcessFactor,2374,2966
supplychain-planner,性能测试1/3,ProductInStockingPointInMonth,calcFulfilledDependentDemandQuantity,5700,23808
supplychain-planner,性能测试1/3,NewSupply,calcMaterialFlag,6441,8894
supplychain-planner,性能测试1/3,PlanOrderStep,calcNewSupplies,20812,13853
supplychain-planner,性能测试1/3,DependentDemand,calcInventoryFlag,3149,3948
supplychain-planner,性能测试1/3,PlanOrder,calcPlanOrderId,29770,13853
supplychain-planner,性能测试1/3,SupplyChainUnit,calcQuantityToProcess,287,195
supplychain-planner,性能测试1/3,ProductInStockingPoint,calcMonthlyInventoryStartN,6370,11904
supplychain-planner,性能测试1/3,ProductInStockingPoint,calcHasChildren,2953,5952
supplychain-planner,性能测试1/3,ProductInStockingPointInPeriod,calcReplaceNewSupplies,25151,49576
supplychain-planner,性能测试1/3,DependentDemand,calcUnitPeriod,5809,3948
supplychain-planner,性能测试1/3,ProductInStockingPointInPeriod,calcSalesDemandOnOwner,21648,41664
supplychain-planner,性能测试1/3,ProductRouting,calcProductRoutingInMonths,15086,3958
supplychain-planner,性能测试1/3,Period,calcUnitPeriods,765987,945
supplychain-planner,性能测试1/3,ProductRoutingStep,calcOutputProducts,5359,3953
supplychain-planner,性能测试1/3,ProductInStockingPointInMonth,calcLastPISPIPForPp,8460,27776
supplychain-planner,性能测试1/3,StockingPoint,calcCurrency,17,8
supplychain-planner,性能测试1/3,DependentDemand,calcDependentDemandSet,4648,7896
supplychain-planner,性能测试1/3,Product,calcTotalQuantityDemandN1,989,1989
supplychain-planner,性能测试1/3,UnitPeriodTime,calcMaxCapacity,87,1330
supplychain-planner,性能测试1/3,Product,calcTotalQuantityDemandN3,1068,1989
supplychain-planner,性能测试1/3,PeriodDefinition,calcLastPeriod,8,2
supplychain-planner,性能测试1/3,Product,calcTotalQuantityDemandN2,1013,1989
supplychain-planner,性能测试1/3,ProductInStockingPointInMonth,calcProduct,12212,5952
supplychain-planner,性能测试1/3,DependentDemand,calcDependentDemandsOnOwner,7650,7896
supplychain-planner,性能测试1/3,ProductRouting,calcRoutingPreference,1321,1979
supplychain-planner,性能测试1/3,SupplyChainUnit,calcUnitPeriods,4496,390
supplychain-planner,性能测试1/3,InputProduct,calcInventoryCostRatio,815,1979
supplychain-planner,性能测试1/3,PeriodTask,calcIsViceUnitFreeCapacityUnFillLotSize,2749,7912
supplychain-planner,性能测试1/3,ProductInStockingPoint,calcHasBatchConstraint,3484,5952
supplychain-planner,性能测试1/3,ProductInStockingPointInPeriod,calcCurrencyInPeriod,24335,41664
supplychain-planner,性能测试1/3,PeriodTask,calcFeedbackQuantity,5028,15824
supplychain-planner,性能测试1/3,ProductInStockingPointInPeriod,calcResourceReason,23825,49576
supplychain-planner,性能测试1/3,ProductInStockingPoint,calcAllProductRouting,44197,17856
supplychain-planner,性能测试1/3,SupplyChainPlanner,calcStart,524,1
supplychain-planner,性能测试1/3,ProductRouting,calcHasMaxOrderQuantity,295,1979
supplychain-planner,性能测试1/3,ProductRouting,calcUseYield,8074,3958
supplychain-planner,性能测试1/3,NewSupply,calcProductId,5669,7912
supplychain-planner,性能测试1/3,Period,calcActiveOptimizerParameter,10,7
supplychain-planner,性能测试1/3,PlanOrderStep,calcFeedbackQuantity,4845,13853
supplychain-planner,性能测试1/3,UnitPeriodQuantity,calcVariableCostPerHour,8,35
supplychain-planner,性能测试1/3,ProductInStockingPointInPeriod,calcPurchaseRequestReleaseQuantity,17242,41664
supplychain-planner,性能测试1/3,OutputProduct,calcCumulativeCycleTime,1461,3958
supplychain-planner,性能测试1/3,ProductInStockingPointInPeriod,calcSystemNewSuppliesFulfilledDemands,26126,49576
supplychain-planner,性能测试1/3,ProductInStockingPointInMonth,calcNewSupplyQuantity,5757,23808
supplychain-planner,性能测试1/3,ProductInStockingPoint,calcMonthlyDeliveredQuantityNPrevious,3131,5952
supplychain-planner,性能测试1/3,UnitPeriodQuantity,calcVariableCost,4,35
supplychain-planner,性能测试1/3,ProductRoutingStep,calcHasOutput,2982,2966
supplychain-planner,性能测试1/3,ProductRoutingStep,calcAllAllowedUnitInfos,2611,1979
supplychain-planner,性能测试1/3,Period,calcResourceUtilization,502,476
supplychain-planner,性能测试1/3,ProductInStockingPointInPeriodForPP,calcPurchaseRequestDetectQuantity,17200,27776
supplychain-planner,性能测试1/3,ProductRouting,calcBillOfMaterialsOnSameProduct,10889,1979
supplychain-planner,性能测试1/3,ProductInStockingPointInPeriodForPP,calcPrevious,90656,55552
supplychain-planner,性能测试1/3,ProductRoutingInDay,calcProduct,172306,34545
supplychain-planner,性能测试1/3,UnitPeriodQuantity,calcVariableCostPerQuantity,8,35
supplychain-planner,性能测试1/3,Product,calcPurchaseRequestQuantity,523,1989
supplychain-planner,性能测试1/3,ProductInStockingPoint,calcProductionLine,23029,9898
supplychain-planner,性能测试1/3,ProductRoutingStep,calcInputProducts,6244,3953
supplychain-planner,性能测试1/3,ProductRoutingStep,calcValidFrom,2188,1979
supplychain-planner,性能测试1/3,SupplyChainUnit,calcInputStockingPointUnits,94,195
supplychain-planner,性能测试1/3,ProductRouting,calcIsDetectionRouting,529,1979
supplychain-planner,性能测试1/3,PeriodTask,calcIsViceUnitFreeCapacityUnFillMinOQ,2498,7912
supplychain-planner,性能测试1/3,ProductInStockingPoint,calcLoopTag,2183,6939
supplychain-planner,性能测试1/3,NewSupply,calcInnerSupplierInfo,2869,11860
supplychain-planner,性能测试1/3,ProductInStockingPoint,calcProductId,17982,5952
supplychain-planner,性能测试1/3,PeriodTask,calcHasSufficientInflow,3593,7912
supplychain-planner,性能测试1/3,ProductRoutingInDay,calcProductRoutingSteps,233599,34545
supplychain-planner,性能测试1/3,PlanOrder,calcAllPlanOrders,37245,27706
supplychain-planner,性能测试1/3,ProductRoutingInMonth,calcPlannedQuantityInPP,3595,987
supplychain-planner,性能测试1/3,ProductRoutingStep,calcInputQuantity,4091,2966
supplychain-planner,性能测试1/3,ProductInStockingPoint,calcValidStatisticMonths,7161,5952
supplychain-planner,性能测试1/3,UnitPeriodQuantity,calcPrevious,38,35
supplychain-planner,性能测试1/3,PlanOrder,calcIsProductionOrder,11189,13853
supplychain-planner,性能测试1/3,PlanOrderStep,calcIsInReleaseHorizon,17090,13853
supplychain-planner,性能测试1/3,DependentDemand,calcReplaceGroup,1131,3948
supplychain-planner,性能测试1/3,PeriodTask,calcPlanOrderStep,25321,15824
supplychain-planner,性能测试1/3,ProductInStockingPoint,calcMinusFlagForExceed,3217,7926
supplychain-planner,性能测试1/3,PeriodTask,calcUnitId,3944,7912
supplychain-planner,性能测试1/3,Period,calcSalesDemands,11,7
supplychain-planner,性能测试1/3,ProductInStockingPointInMonth,calcHasPointedSupplied,2739,5952
supplychain-planner,性能测试1/3,UnitPeriodQuantity,calcDigitalRoutingPatternId,18,35
supplychain-planner,性能测试1/3,ProductRoutingStep,calcRoutingLevelCostPerQuantity,3244,1979
supplychain-planner,性能测试1/3,ProductInStockingPoint,calcTargetInventoryLevelEnd,3778,5952
supplychain-planner,性能测试1/3,UnitPeriodQuantity,calcUnitPeriodMutexInPeriod,6,35
supplychain-planner,性能测试1/3,PeriodDefinition,calcEnd,12,2
supplychain-planner,性能测试1/3,UnitPeriodTime,calcUnitMutexInPeriod,400,1330
supplychain-planner,性能测试1/3,ProductRoutingStep,calcOutputQuantityWithoutByProduct,8299,4945
supplychain-planner,性能测试1/3,OutputProduct,calcQuantity,2817,1979
supplychain-planner,性能测试1/3,ProductRoutingStep,calcHasPreProcessingTime,262,1979
supplychain-planner,性能测试1/3,UnitPeriodTime,calcUnitId,5989,1330
supplychain-planner,性能测试1/3,ProductInStockingPoint,calcNeedsToBeSupplied,11208,5952
supplychain-planner,性能测试1/3,ProductInStockingPointInPeriod,calcProductInStockingPointsOnOwner,133918,41664
supplychain-planner,性能测试1/3,ProductInStockingPoint,calcMaxLotSize,3569,7926
supplychain-planner,性能测试1/3,Product,calcSalesOrderDemandsForN,997,1989
supplychain-planner,性能测试1/3,InputProduct,calcAsOutputsInOtherRoutings,7331,2966
supplychain-planner,性能测试1/3,NewSupply,calcSupplySP,6665,11860
supplychain-planner,性能测试1/3,Product,calcDeliveredInPreviousMonth,2757,3973
supplychain-planner,性能测试1/3,PeriodTask,calcUnitOfMeasureNameOfOutput,9723,7912
supplychain-planner,性能测试1/3,DependentDemand,calcDetectInventoryLevelEnd,2844,3948
supplychain-planner,性能测试1/3,ProductInStockingPoint,calcInventoryDemandPriorityCoef,12757,5952
supplychain-planner,性能测试1/3,ProductInStockingPointInPeriod,calcIsUsed,50579,45612
supplychain-planner,性能测试1/3,SupplyChainUnit,calcUnitCosts,171,195
supplychain-planner,性能测试1/3,PlanOrderStep,calcProductRoutingStepOnUnits,16687,13853
supplychain-planner,性能测试1/3,ProductInStockingPoint,calcValidStaticDate,12166,5952
supplychain-planner,性能测试1/3,ProductRoutingInDay,calcStartTime,227812,34545
supplychain-planner,性能测试1/3,PeriodTask,calcMaterialFlag,13245,11860
supplychain-planner,性能测试1/3,ProductRoutingStepOnUnit,calcProduct,4819,1979
supplychain-planner,性能测试1/3,UnitPeriodQuantity,calcVariableCostFactor,34,35
supplychain-planner,性能测试1/3,ProductInStockingPoint,calcBatchConstraintMonthNum,4063,5952
supplychain-planner,性能测试1/3,DependentDemand,calcInventoryInfoFromPispip,5005,3948
supplychain-planner,性能测试1/3,Period,calcPreviousPeriod,11,7
supplychain-planner,性能测试1/3,UnitPeriodTime,calcPreviousPeriodLastShiftDay,1847,1330
supplychain-planner,性能测试1/3,UnitPeriodTime,calcHasUnitAvailability,785,1428
supplychain-planner,性能测试1/3,ProductInStockingPointInPeriodForPP,calcDetectingReleaseQuantity,15987,27776
supplychain-planner,性能测试1/3,PlanOrder,calcSystemNewSuppliesFulfilledDemands,9834,21765
supplychain-planner,性能测试1/3,ProductInStockingPointInPeriod,calcInnerDependentDemandInfo,14543,45612
supplychain-planner,性能测试1/3,StockingPoint,calcInputStockingPointUnits,5,8
supplychain-planner,性能测试1/3,Period,calcOriginalSalesDemands,6,7
supplychain-planner,性能测试1/3,UnitPeriodQuantity,calcChildrenUnits,10,35
supplychain-planner,性能测试1/3,ProductInStockingPointInPeriod,calcStart,53878,41664
supplychain-planner,性能测试1/3,UnitPeriodTime,calcShiftPattern,1144,1428
supplychain-planner,性能测试1/3,NewSupply,calcPlanOrder,18145,15824
supplychain-planner,性能测试1/3,PlanOrderStep,calcPeriodTasks,22465,13853
supplychain-planner,性能测试1/3,ProductInStockingPoint,calcSalesDemands,3117,5952
supplychain-planner,性能测试1/3,Period,calcIsLatestFrozenPeriod,20,14
supplychain-planner,性能测试1/3,ProductRouting,calcMinusFlag,1452,3957
supplychain-planner,性能测试1/3,InputProduct,calcCumulativeCycleTime,634,1979
supplychain-planner,性能测试1/3,ProductInStockingPoint,calcCategotyId,3960,5952
supplychain-planner,性能测试1/3,ProductInStockingPoint,calcTargetInventoryLevelEndForN1,1960,5952
supplychain-planner,性能测试1/3,ProductRoutingStep,calcNumberOfProducts,3349,2966
supplychain-planner,性能测试1/3,UnitPeriodQuantity,calcTotalExtraCapacityDuration,8,35
supplychain-planner,性能测试1/3,StockingPoint,calcStockingPointUnits,8,8
supplychain-planner,性能测试1/3,DependentDemand,calcAssignRatio,826,3948
supplychain-planner,性能测试1/3,ProductInStockingPointInPeriod,calcExpireDateTime,17531,41664
supplychain-planner,性能测试1/3,ProductInStockingPointInPeriod,calcNextPeriodMinimumInDaysFactor,21996,41664
supplychain-planner,性能测试1/3,ProductInStockingPointInPeriod,calcProductAttr,119603,41664
supplychain-planner,性能测试1/3,SupplyChainUnit,calcDefaultShiftPattern,275,195
supplychain-planner,性能测试1/3,PlanOrder,calcPreviousPlanOrder,22447,27706
supplychain-planner,性能测试1/3,PeriodTask,calcInitProductIdOfOutput,4574,7912
supplychain-planner,性能测试1/3,ProductInStockingPointInPeriodForPP,calcScpmNewSupplyQuantity,16319,27776
supplychain-planner,性能测试1/3,ProductRoutingInMonth,calcOutputs,1978,987
supplychain-planner,性能测试1/3,ProductInStockingPointInPeriod,calcMaterialFlag,29609,49576
supplychain-planner,性能测试1/3,OutputProduct,calcScheduleDuration,667,1979
supplychain-planner,性能测试1/3,PlanOrder,calcFinishedQuantity,3675,13853
supplychain-planner,性能测试1/3,OutputProduct,calcProductInStokingPoint,3725,1979
supplychain-planner,性能测试1/3,ProductRoutingInDay,calcDetectProductInStockingPointInPeriods,171769,34545
supplychain-planner,性能测试1/3,ProductInStockingPointInPeriod,calcInventorySupplyQuantityForInfinitePurchase,31706,41664
supplychain-planner,性能测试1/3,ProductRoutingInMonth,calcFromSP,1787,987
supplychain-planner,性能测试1/3,Period,calcMonthNr,9,7
supplychain-planner,性能测试1/3,ProductInStockingPointInPeriod,calcIsFinishedProductStockingPoint,98974,41664
supplychain-planner,性能测试1/3,Period,calcTimeUnit,8,7
supplychain-planner,性能测试1/3,ProductInStockingPointInPeriodForPP,calcUnfulfilledQuantity,5613,27776
supplychain-planner,性能测试1/3,ProductInStockingPointInPeriod,calcProductInStockingPointCapacityInPeriod,18690,41664
supplychain-planner,性能测试1/3,UnitPeriodQuantity,calcIsFreeCapacityZero,1331,63
supplychain-planner,性能测试1/3,Period,calcGlobalParameter,12,7
supplychain-planner,性能测试1/3,Product,calcHasProductionRouting,9939,2976
supplychain-planner,性能测试1/3,Product,calcSalesOrderDemands,1148,1989
supplychain-planner,性能测试1/3,PeriodTask,calcIsUnitFreeCapacityUnFillLotSize,2151,11860
supplychain-planner,性能测试1/3,ProductInStockingPoint,calcHasPISPIPForPP,39021,9921
supplychain-planner,性能测试1/3,ProductRouting,calcLastPeriodTasks,7852,3957
supplychain-planner,性能测试1/3,UnitPeriodTime,calcCapacityFactor,229,1330
supplychain-planner,性能测试1/3,ProductInStockingPoint,calcDefaultInventoryCoef,6260,5952
supplychain-planner,性能测试1/3,UnitPeriodQuantity,calcUsedCapacity,37,35
supplychain-planner,性能测试1/3,ProductInStockingPointInPeriod,calcFulfilledQuantity,14186,41664
supplychain-planner,性能测试1/3,ProductInStockingPointInMonth,calcPispipForPp,19519,9921
supplychain-planner,性能测试1/3,Period,calcFulfillmentQuantity,6,7
supplychain-planner,性能测试1/3,ProductInStockingPointInPeriod,calcAllocatedQuantityByUserAndOptimizer,22662,45612
supplychain-planner,性能测试1/3,ProductInStockingPoint,calcProductRouting,27319,15828
supplychain-planner,性能测试1/3,ProductRoutingInDay,calcPlannedPieceNumInPP,5642,34545
supplychain-planner,性能测试1/3,ProductRouting,calcHasLotSize,492,1979
supplychain-planner,性能测试1/3,ProductRoutingInMonth,calcAllPeriodTasks,4485,987
supplychain-planner,性能测试1/3,ProductInStockingPointInPeriodForPP,calcpispipForPPOnPISP,107008,55552
supplychain-planner,性能测试1/3,PeriodTask,calcLeadPreviousStepInPeriods,6582,7912
supplychain-planner,性能测试1/3,ProductRoutingInMonth,calcIsInnerTransfer,348,987
supplychain-planner,性能测试1/3,DependentDemand,calcInvalidRoutingFlagGroup,1029,3964
supplychain-planner,性能测试1/3,ProductInStockingPointInMonth,calcFirstProductInStockingPointInPeriod,9639,23808
supplychain-planner,性能测试1/3,PeriodTask,calcQuantityToProcess,3468,7912
supplychain-planner,性能测试1/3,UnitPeriodTime,calcNrOfOpen,2080,1428
supplychain-planner,性能测试1/3,ProductInStockingPoint,calcMonthlyNewSupplyQuantityNInPP,5627,11904
supplychain-planner,性能测试1/3,ProductRouting,calcLotSize,1042,1979
supplychain-planner,性能测试1/3,ProductInStockingPointInPeriod,calcIsImBalance,28580,41664
supplychain-planner,性能测试1/3,Period,calcDuration,14,7
supplychain-planner,性能测试1/3,DependentDemand,calcInventoryFlagSet,2041,3948
supplychain-planner,性能测试1/3,PlanOrderStep,calcPeriodTasksInAllPeriods,30081,13853
supplychain-planner,性能测试1/3,ProductInStockingPoint,calcLevel,11418,5952
supplychain-planner,性能测试1/3,StockingPoint,createStockingPointInPeriod,1,8
supplychain-planner,性能测试1/3,DependentDemand,calcInnerDependentDemand,1044,3948
supplychain-planner,性能测试1/3,ProductInStockingPointInPeriod,calcCanInfinitePurchase,28867,41664
supplychain-planner,性能测试1/3,ProductInStockingPointInMonth,calcStockingPoint,11832,5952
supplychain-planner,性能测试1/3,ProductInStockingPointInPeriod,calcDetectedPISP,116083,41664
supplychain-planner,性能测试1/3,SupplyChainUnit,calcUnitCapacities,809,390
supplychain-planner,性能测试1/3,PlanOrderStep,calcStart,16873,13853
supplychain-planner,性能测试1/3,ProductInStockingPointInPeriod,calcBaseCost,24197,49576
supplychain-planner,性能测试1/3,ProductRouting,calcMinOrderQuantity,222,1979
supplychain-planner,性能测试1/3,ProductInStockingPoint,calcMinUnfulfilledQuantity,2493,5952
supplychain-planner,性能测试1/3,PeriodTask,calcBaseWIPCost,3924,7912
supplychain-planner,性能测试1/3,NewSupply,calcIsReplacement,5698,7912
supplychain-planner,性能测试1/3,UnitPeriodTime,calcUnitPeriodInOwner,2691,1330
supplychain-planner,性能测试1/3,UnitPeriodQuantity,calcUnitCapacitiesOnOwner,1620,63
supplychain-planner,性能测试1/3,PeriodTask,calcIsUnitAvailableCapacityZero,18914,11876
supplychain-planner,性能测试1/3,Period,calcFulfillmentRatio,4,7
supplychain-planner,性能测试1/3,ProductRouting,calcBomFunction,697,1979
supplychain-planner,性能测试1/3,Product,calcPurchaseOrderQuantity,725,1989
supplychain-planner,性能测试1/3,ProductInStockingPointInPeriodForPP,calcPlanOrders,58485,55552
supplychain-planner,性能测试1/3,Period,calcIsBeforeStartOfPlanningHorizon,9,7
supplychain-planner,性能测试1/3,ProductInStockingPointInPeriod,calcInventoryLevelEnd,17300,41664
supplychain-planner,性能测试1/3,Product,calcProductInStockingPoints,13808,3978
supplychain-planner,性能测试1/3,ProductRouting,calcTotalQuantityFromPPThisMonth,813,2966
supplychain-planner,性能测试1/3,DependentDemand,calcMinInputQuantity,4597,3948
supplychain-planner,性能测试1/3,StockingPoint,calcSupplyChainName,5,8
supplychain-planner,性能测试1/3,UnitPeriodQuantity,calcQuantityToProcess,920,39
supplychain-planner,性能测试1/3,NewSupply,calcIsInnerSupply,5699,7912
supplychain-planner,性能测试1/3,ProductInStockingPointInPeriod,calcBaseCostOfInventory,26898,41664
supplychain-planner,性能测试1/3,ProductInStockingPointInPeriod,calcPhysicalInventoryLevelEnd,25505,41664
supplychain-planner,性能测试1/3,InputProduct,calcInitQuantity,777,1979
supplychain-planner,性能测试1/3,NewSupply,calcMaterialReason,6666,8894
supplychain-planner,性能测试1/3,ProductRoutingStep,calcHasInput,3284,2966
supplychain-planner,性能测试1/3,ProductInStockingPoint,calcCanSupplyByPurchase,4917,5952
supplychain-planner,性能测试1/3,Product,calcHasBatchConstraint,974,1989
supplychain-planner,性能测试1/3,MonthlyPeriod,calcDuration,6,1
supplychain-planner,性能测试1/3,OutputProduct,calcInventoryCostRatio,5243,4945
supplychain-planner,性能测试1/3,UnitPeriodQuantity,calcUnitAvailability,6,35
supplychain-planner,性能测试1/3,UnitPeriodQuantity,calcMaintenance,7,35
supplychain-planner,性能测试1/3,UnitPeriodTime,calcChildrenUnitPeriods,1259,1330
supplychain-planner,性能测试1/3,ProductInStockingPoint,calcMonthlyPhysicalInventoryStartN,5605,11904
supplychain-planner,性能测试1/3,PlanOrder,calcNewSupplies,26129,21765
supplychain-planner,性能测试1/3,Product,calcFrozenInventoryQuantity,595,1989
supplychain-planner,性能测试1/3,PlanOrder,calcLastStep,19972,13853
supplychain-planner,性能测试1/3,ProductInStockingPointInPeriod,calcDetectingReleaseQuantity,16211,41664
supplychain-planner,性能测试1/3,ProductRoutingStep,calcNumberOfUnit,2422,1979
supplychain-planner,性能测试1/3,ProductRoutingStep,calcProductRoutingStepOnUnits,4861,2966
supplychain-planner,性能测试1/3,StockingPoint,calcOutputStockingPointUnits,5,8
supplychain-planner,性能测试1/3,ProductInStockingPoint,calcMaxInventoryLevelEnd,3090,5952
supplychain-planner,性能测试1/3,ProductRoutingStep,calcHasPostProcessingTime,363,1979
supplychain-planner,性能测试1/3,ProductRoutingStep,calcPlanOrderSteps,26704,3958
supplychain-planner,性能测试1/3,Product,calcStatisticProductInStockingPoints,1765,1989
supplychain-planner,性能测试1/3,ProductInStockingPointInMonth,calcInventoryLevelStart,2282,11904
supplychain-planner,性能测试1/3,Product,calcValidCurrentInventories,827,1989
supplychain-planner,性能测试1/3,ProductInStockingPoint,calcMonthlyNewSupplyQuantityN1InPP,1323,5952
supplychain-planner,性能测试1/3,ProductInStockingPoint,calcValidStockStatistics,2717,5952
supplychain-planner,性能测试1/3,ProductRoutingStep,calcQuantityToNextStep,323,1979
supplychain-planner,性能测试1/3,ReleaseStatus,calcPlanOrders,5661,1
supplychain-planner,性能测试1/3,UnitPeriodTime,calcMaintenance,298,1428
supplychain-planner,性能测试1/3,Product,calcTotalUnfulfilledQuantityN,924,1989
supplychain-planner,性能测试1/3,ProductInStockingPointInMonth,calcOuterNewSupplyQuantity,5552,23808
supplychain-planner,性能测试1/3,ProductInStockingPointInPeriod,calcNext,162627,41664
supplychain-planner,性能测试1/3,Product,calcGlobalParameter,2618,1989
supplychain-planner,性能测试1/3,StockingPoint,calcIsSemiFinishedProductStockingPoint,4,8
supplychain-planner,性能测试1/3,OutputProduct,calcFirstProductRoutingStep,1687,2971
supplychain-planner,性能测试1/3,UnitPeriodQuantity,calcFreeCapacity,10,35
supplychain-planner,性能测试1/3,PlanOrder,calcIsOutsidePurchase,10469,13853
supplychain-planner,性能测试1/3,ProductRoutingStepOnUnit,calcProductRoutingStepOnUnitOnVices,346,1979
supplychain-planner,性能测试1/3,ProductInStockingPointInPeriod,calcExpiredInventoryQuantity,18711,41664
supplychain-planner,性能测试1/3,ProductRouting,calcSupplyWithMOQ,689,1979
supplychain-planner,性能测试1/3,InputProduct,calcProduct,3999,1979
supplychain-planner,性能测试1/3,Period,calcOnTimeFulfillmentRatio,4,7
supplychain-planner,性能测试1/3,ProductRoutingInMonth,calcPeriodTasks,3796,987
supplychain-planner,性能测试1/3,ProductRouting,calcSpecification,1687,1979
supplychain-planner,性能测试1/3,PeriodTask,calcProductRoutingStepOnUnitOnVices,3609,7912
supplychain-planner,性能测试1/3,OutputProduct,calcInitQuantity,698,1979
supplychain-planner,性能测试1/3,ProductInStockingPointInPeriod,calcNowFulfilledSalesDemandQuantity,17113,41664
supplychain-planner,性能测试1/3,UnitPeriodQuantity,calcEnd,29,35
supplychain-planner,性能测试1/3,ProductInStockingPointInPeriodForPP,calcPhysicalInventoryLevelStart,16768,51583
supplychain-planner,性能测试1/3,ProductRoutingStep,calcSystemQuantityToNextStep,647,2966
supplychain-planner,性能测试1/3,InputProduct,calcHasSameUOM,3473,1979
supplychain-planner,性能测试1/3,ProductInStockingPoint,calcInventoryEndBufferQuantity,2555,5952
supplychain-planner,性能测试1/3,ProductInStockingPoint,calcPispOnOwner,13651,5952
supplychain-planner,性能测试1/3,Product,calcDeadInventoryQuantity,679,1989
supplychain-planner,性能测试1/3,ProductRoutingInMonth,calcFirstStep,1797,987
supplychain-planner,性能测试1/3,ProductRoutingInMonth,calcToSP,2054,987
supplychain-planner,性能测试1/3,ProductInStockingPointInMonth,calcDate,12065,5952
supplychain-planner,性能测试1/3,UnitPeriodQuantity,calcMinCapacity,38,63
supplychain-planner,性能测试1/3,BusinessKPI,calcPeriod,31,15
supplychain-planner,性能测试1/3,ProductInStockingPointInPeriod,calcIdBreakDownStock,19523,41664
supplychain-planner,性能测试1/3,ProductInStockingPoint,calcMonthlyInventoryEndN1,1890,5952
supplychain-planner,性能测试1/3,Product,calcChildren,505298,3978
supplychain-planner,性能测试1/3,Product,calcTargetInventoryEnd,4097,3973
supplychain-planner,性能测试1/3,ProductInStockingPointInPeriod,calcStockingPoint,204556,41664
supplychain-planner,性能测试1/3,PeriodDefinition,calcNextPeriodDefinition,2,1
supplychain-planner,性能测试1/3,ProductInStockingPointInPeriod,calcMinInputQuantity,69144,41664
supplychain-planner,性能测试1/3,ProductInStockingPoint,calcProductLevel,14009,5952
supplychain-planner,性能测试1/3,ProductInStockingPointInMonth,calcResourceReason,9760,23808
supplychain-planner,性能测试1/3,ProductInStockingPointInPeriodForPP,calcProductionStartDateForRelease,29900,27776
supplychain-planner,性能测试1/3,ProductInStockingPointInPeriod,calcDependentDemandQuantity,20038,45612
supplychain-planner,性能测试1/3,ProductInStockingPoint,calcSatisfyServiceLevel,11820,5952
supplychain-planner,性能测试1/3,ProductInStockingPoint,calcPISPName,11961,5952
supplychain-planner,性能测试1/3,ProductInStockingPointInMonth,calcMaterialReason,7240,23808
supplychain-planner,性能测试1/3,ProductInStockingPoint,calcProductInStockingPointInPeriodMonth3,29105,11904
supplychain-planner,性能测试1/3,ProductRoutingInDay,calcIsProductionRouting,213023,34545
supplychain-planner,性能测试1/3,ProductInStockingPoint,calcProductInStockingPointInPeriodMonth0,29722,11904
supplychain-planner,性能测试1/3,ProductInStockingPoint,calcProductInStockingPointInPeriodMonth2,29223,11904
supplychain-planner,性能测试1/3,ProductInStockingPoint,calcProductInStockingPointInPeriodMonth1,29426,11904
supplychain-planner,性能测试1/3,ProductRoutingInDay,calcAssignmentsFromPP,7756,34545
supplychain-planner,性能测试1/3,ProductRouting,calcHasPlanOrders,22750,3958
supplychain-planner,性能测试1/3,ProductInStockingPointInMonth,calcFirstPISPIPForPp,7058,15872
supplychain-planner,性能测试1/3,SupplyChainPlanner,calcRootSupplyChain,544,1
supplychain-planner,性能测试1/3,PeriodTask,calcVicePeriodTasks,2814,7912
supplychain-planner,性能测试1/3,ProductInStockingPointInMonth,calcProductInStockingPointInPeriodsOnOwner,31335,5952
supplychain-planner,性能测试1/3,Period,calcTotalCapacity,596482,945
supplychain-planner,性能测试1/3,ProductInStockingPointInPeriodForPP,calcSupplyQuantity,6170,27776
supplychain-planner,性能测试1/3,ProductRouting,calcProductRoutingInMonthForN,15130,3952
supplychain-planner,性能测试1/3,UnitPeriodTime,calcTotalMaxCapacity,110,1330
supplychain-planner,性能测试1/3,PeriodTask,calcTotalQuantityOfSameStepInPeriod,4021,15824
supplychain-planner,性能测试1/3,ProductInStockingPointInPeriod,calcProduct,66734,41664
supplychain-planner,性能测试1/3,ProductRoutingStep,calcQuantityToNextStepFactor,500,2966
supplychain-planner,性能测试1/3,PlanOrder,calcLastPlanOrderStep,21667,20761
supplychain-planner,性能测试1/3,ReleaseStatus,calcSynchronizationForDM,12,1
supplychain-planner,性能测试1/3,ProductInStockingPoint,calcIsJitMaterial,3768,5952
supplychain-planner,性能测试1/3,UnitPeriodTime,calcEnd,1608,1330
supplychain-planner,性能测试1/3,InputProduct,calcProductInStokingPointId,921,1979
supplychain-planner,性能测试1/3,PlanOrderStep,calcProductRouting,25655,13853
supplychain-planner,性能测试1/3,ProductInStockingPointInPeriodForPP,calcPlannedQuantity,11412,31724
supplychain-planner,性能测试1/3,UnitPeriodTime,calcQuantityToProcess,1099,1598
supplychain-planner,性能测试1/3,SupplyChainUnit,calcIsFinite,310,384
supplychain-planner,性能测试1/3,ProductInStockingPoint,calcMinInventoryLevelEnd,2628,5952
supplychain-planner,性能测试1/3,UnitPeriodTime,calcUnitPeriodMutexInPeriodHasUsedCapacity,192,1330
supplychain-planner,性能测试1/3,PlanOrderStep,calcLotSize,19779,13853
supplychain-planner,性能测试1/3,ProductRoutingStep,calcLoopTag,2714,2966
supplychain-planner,性能测试1/3,DependentDemand,calcNeedsToBePlanned,2309,3948
supplychain-planner,性能测试1/3,PlanOrder,calcMonthStart,13328,13853
supplychain-planner,性能测试1/3,ProductInStockingPointInPeriod,calcReleasePISP,124923,41664
supplychain-planner,性能测试1/3,PeriodTask,calcRequiredInventoryForPreProcessing,4674,15824
supplychain-planner,性能测试1/3,StockingPoint,calcIsFinishedProductStockingPoint,5,8
supplychain-planner,性能测试1/3,NewSupply,calcUnitPeriod,10304,7912
supplychain-planner,性能测试1/3,ProductInStockingPointInPeriodForPP,calcFrozenQuantity,11211,31724
supplychain-planner,性能测试1/3,ProductInStockingPoint,calcReleasePISP,13343,5952
supplychain-planner,性能测试1/3,SupplyChainUnit,calcWorkshopId,321,195
supplychain-planner,性能测试1/3,ProductRouting,calcProductionVersionValidFrom,7448,1979
supplychain-planner,性能测试1/3,ProductInStockingPoint,calcMonthlyPhysicalInventoryEndN,5753,11904
supplychain-planner,性能测试1/3,ProductLevel,calcProducts,2215,6
supplychain-planner,性能测试1/3,ProductInStockingPointInPeriod,calcLeadDuration,17816,41664
supplychain-planner,性能测试1/3,PlanOrder,calcQuantityStr,17242,13853
supplychain-planner,性能测试1/3,PeriodTask,calcLotSize,23675,15824
supplychain-planner,性能测试1/3,ProductInStockingPointInPeriodForPP,calcProductionEndDateForRelease,29385,27776
supplychain-planner,性能测试1/3,StockingPoint,calcStockingPointInSalesSegments,8,8
supplychain-planner,性能测试1/3,UnitPeriodTime,calcStart,4034,1330
supplychain-planner,性能测试1/3,ProductInStockingPointInMonth,calcFulfilledSalesDemandQuantity,1031,5952
supplychain-planner,性能测试1/3,UnitPeriodTime,calcIsBeforeStartOfPlanningHorizon,289,1330
supplychain-planner,性能测试1/3,ProductInStockingPoint,calcIsMaterialConstraint,11310,5952
supplychain-planner,性能测试1/3,ProductInStockingPointInPeriod,calcInventoryInfo,158507,83326
supplychain-planner,性能测试1/3,Product,calcIsActiveProductLevel,2975,3973
supplychain-planner,性能测试1/3,ProductInStockingPointInPeriod,calcStockingPointAttr,203897,41664
supplychain-planner,性能测试1/3,ProductInStockingPointInPeriod,calcChildrenPISPIP,17135,41664
supplychain-planner,性能测试1/3,ProductInStockingPointInPeriodForPP,calcPeriod,48557,27776
supplychain-planner,性能测试1/3,ProductRoutingInDay,calcPlannedQuantityInPP,5467,34545
supplychain-planner,性能测试1/3,Product,calcAverageQuantityDemandInDay,375,1989
supplychain-planner,性能测试1/3,PeriodTask,calcNext,8254,15824
supplychain-planner,性能测试1/3,PeriodTask,calcIsViceUnitAvailableCapacityZero,2957,7912
supplychain-planner,性能测试1/3,DependentDemand,calcDependentDemandInfo,1998,7896
supplychain-planner,性能测试1/3,SupplyChainUnit,calcUnitMutexInPeriodInfos,117,195
supplychain-planner,性能测试1/3,ProductionVersion,calcSystemDate,251,995
supplychain-planner,性能测试1/3,DependentDemand,calcConsumeSet,1280,3948
supplychain-planner,性能测试1/3,ProductRoutingInDay,calcDetectProductInStockingPointInPeriod,155533,34545
supplychain-planner,性能测试1/3,ProductInStockingPointInPeriod,calcStartDate,161180,41664
supplychain-planner,性能测试1/3,UnitPeriodTime,calcUnitAvailability,803,1428
supplychain-planner,性能测试1/3,ProductInStockingPoint,calcFulfilledDependentDemandQuantityForN,7187,11904
supplychain-planner,性能测试1/3,UnitPeriodTime,calcProductCapacityInUnitPeriods,457,1330
supplychain-planner,性能测试1/3,ProductInStockingPointInMonth,calcFulfilledSalesDemandInfo,8699,23808
supplychain-planner,性能测试1/3,DependentDemand,calcPlanOrder,14335,7896
supplychain-planner,性能测试1/3,PeriodDefinition,calcPeriodBeforePlanningHorizon,1,1
supplychain-planner,性能测试1/3,PeriodTask,calcAsLeadNextStepInPeriod,3427,7912
supplychain-planner,性能测试1/3,BusinessKPI,calcPeriodNode,10,1
supplychain-planner,性能测试1/3,UnitPeriodQuantity,calcTotalMaxCapacity,1241,63
supplychain-planner,性能测试1/3,ProductInStockingPointInPeriodForPP,calcTargetInventoryLevel,16213,27776
supplychain-planner,性能测试1/3,ProductInStockingPointInPeriod,calcReleasePISPIP,125483,83328
supplychain-planner,性能测试1/3,ProductRoutingInDay,calcReleasePISPIPForPiece,112658,69090
supplychain-planner,性能测试1/3,PlanOrder,calcPlannedQuantity,5392,13853
supplychain-planner,性能测试1/3,StockingPoint,calcSupplyChainId,5,8
supplychain-planner,性能测试1/3,SupplyChain,calcChildren,28,6
supplychain-planner,性能测试1/3,ProductInStockingPointInPeriodForPP,calcDetectionDuration,6511,27776
supplychain-planner,性能测试1/3,UnitPeriodTime,calcTotalAvailableCapacityInHour,4490,2023
supplychain-planner,性能测试1/3,PeriodTask,calcQuantityOutWithoutByProducts,3134,7912
supplychain-planner,性能测试1/3,PlanOrderStep,calcProductId,18500,13853
supplychain-planner,性能测试1/3,ProductInStockingPointInPeriodForPP,calcSalesDemandQuantity,10884,51584
supplychain-planner,性能测试1/3,OutputProduct,calcSourcePISPs,3140,3958
supplychain-planner,性能测试1/3,UnitPeriodTime,calcUnitCost,470,1330
supplychain-planner,性能测试1/3,ProductInStockingPointInPeriod,calcReleaseInventoryLevelEnd,161367,83328
supplychain-planner,性能测试1/3,PeriodDefinitionSequence,calcStartWithHistory,8,1
supplychain-planner,性能测试1/3,Product,calcHasChild,821,1989
supplychain-planner,性能测试1/3,SupplyChainUnit,calcHasParent,267,195
supplychain-planner,性能测试1/3,ProductInStockingPoint,calcMonthlyDeliveredQuantityN,3271,5952
supplychain-planner,性能测试1/3,PlanOrder,calcReleaseQtyMinusLast,5292,13853
supplychain-planner,性能测试1/3,ProductInStockingPointInPeriod,calcNewSupplyInfo,17372,49576
supplychain-planner,性能测试1/3,NewSupply,calcIsPurchase,6142,7912
supplychain-planner,性能测试1/3,ProductInStockingPointInPeriod,calcEndDate,156214,41664
supplychain-planner,性能测试1/3,ProductInStockingPointInPeriod,calcFulfilledSalesDemandQuantity,18870,41664
supplychain-planner,性能测试1/3,Period,calcPeriodNr,10,7
supplychain-planner,性能测试1/3,ProductInStockingPoint,calcDetectedPISP,12829,5952
supplychain-planner,性能测试1/3,ProductInStockingPoint,calcLeadDuration,4083,5952
supplychain-planner,性能测试1/3,UnitPeriodQuantity,calcCapacityLoadPercentage,24,63
supplychain-planner,性能测试1/3,PlanOrderStep,calcPreviousStepSequenceNr,3719,13853
supplychain-planner,性能测试1/3,PeriodTask,calcIsLead,5574,7912
supplychain-planner,性能测试1/3,ProductInStockingPointInPeriod,calcDetectedPISPs,137100,41664
supplychain-planner,性能测试1/3,UnitPeriodTime,calcVariableCostPerQuantity,236,1330
supplychain-planner,性能测试1/3,OutputProduct,calcCycleTime,1732,2971
supplychain-planner,性能测试1/3,PlanOrder,calcWorkOrder,4330,13853
supplychain-planner,性能测试1/3,ProductRoutingStepOnUnit,calcProductionCycleTime,827,1979
supplychain-planner,性能测试1/3,Product,calcInventoryDemandCoverCoef,2152,1989
supplychain-planner,性能测试1/3,ProductInStockingPoint,calcOrderTypeName,3361,5952
supplychain-planner,性能测试1/3,BusinessKPI,calcTotalCapacity,14044,536
supplychain-planner,性能测试1/3,ProductInStockingPointInPeriod,calcBonusOfInventory,16081,41664
supplychain-planner,性能测试1/3,UnitPeriodTime,calcPeriodTaskInfo,846,1598
supplychain-planner,性能测试1/3,UnitPeriodTime,calcUnitPeriodMutexExtra,356,1330
supplychain-planner,性能测试1/3,Period,calcSupplyChainUnits,660837,1715
supplychain-planner,性能测试1/3,ProductInStockingPointInPeriodForPP,calcReleasePISPIPForPp,44946,27776
supplychain-planner,性能测试1/3,ProductInStockingPoint,calcMinServiceLevelDemandQuantity,2888,5952
supplychain-planner,性能测试1/3,ProductRouting,calcOrderTypeName,1548,1979
supplychain-planner,性能测试1/3,Period,calcMaxPostponeDays,9,7
supplychain-planner,性能测试1/3,UnitPeriodQuantity,calcTotalAvailableCapacity,1181,63
supplychain-planner,性能测试1/3,ProductInStockingPointInPeriod,calcSupplyChainPlanner,68160,41664
supplychain-planner,性能测试1/3,ProductInStockingPointInPeriodForPP,calcCanceledQuantity,10560,31724
supplychain-planner,性能测试1/3,UnitPeriodQuantity,calcDuration,33,35
supplychain-planner,性能测试1/3,ProductRoutingInDay,calcEnd,356341,34545
supplychain-planner,性能测试1/3,DependentDemand,calcDependentDemandGroup,4190,7896
supplychain-planner,性能测试1/3,NewSupply,calcSystemNewSupply,2866,7912
supplychain-planner,性能测试1/3,PlanOrder,calcIsMonthStart,10896,13853
supplychain-planner,性能测试1/3,SupplyChainPlanner,calcEnd,1676,3
supplychain-planner,性能测试1/3,DependentDemand,calcFulfilledQuantity,711,3948
supplychain-planner,性能测试1/3,ProductRouting,calcLoopTag,2361,1979
supplychain-planner,性能测试1/3,ProductRouting,calcProductionVersionId,613,1979
supplychain-planner,性能测试1/3,ProductInStockingPointInPeriod,calcOriginalSalesDemands,16734,41664
supplychain-planner,性能测试1/3,DependentDemand,calcInventoryLevelEnd,3105,3964
supplychain-planner,性能测试1/3,PeriodTask,calcNewSupplies,31185,15824
supplychain-planner,性能测试1/3,UnitPeriodQuantity,calcNrOfTemporaryClose,4,35
supplychain-planner,性能测试1/3,UnitPeriodTime,calcPeriodTasks,6712,2660
supplychain-planner,性能测试1/3,PeriodTask,calaAllowedUnit,5422,7912
supplychain-planner,性能测试1/3,PlanOrder,calcProductRoutingIdInPP,11303,13853
supplychain-planner,性能测试1/3,ProductInStockingPoint,calcServiceLevel,11730,5952
supplychain-planner,性能测试1/3,ProductInStockingPointInPeriodForPP,calcStockingPoint,54699,27776
supplychain-planner,性能测试1/3,ProductInStockingPointInPeriodForPP,calcIsConventionalProduct,31493,27776
supplychain-planner,性能测试1/3,BillOfMaterial,calcBillOfMaterialsOnSameGroup,1484,992
supplychain-planner,性能测试1/3,PeriodTask,calcIsBeforeStartOfPlanningHorizon,2642,7912
supplychain-planner,性能测试1/3,PlanOrder,calcFromPISP,14864,13853
supplychain-planner,性能测试1/3,PlanOrder,calcCanceledQuantity,5457,13853
supplychain-planner,性能测试1/3,ProductInStockingPoint,calcTypeChange,3535,5952
supplychain-planner,性能测试1/3,UnitPeriodTime,calcHasPreviousAndBelongToSameShiftPattern,140,1330
supplychain-planner,性能测试1/3,ProductInStockingPoint,calcIsSemiFinishedProductStockingPoint,2735,5952
supplychain-planner,性能测试1/3,ProductInStockingPoint,calcMonthlyFulfillRatioN1,1869,5952
supplychain-planner,性能测试1/3,UnitPeriodQuantity,calcIsBeforeStartOfPlanningHorizon,8,35
supplychain-planner,性能测试1/3,ProductInStockingPointInPeriod,calcSalesDemands,17310,41664
supplychain-planner,性能测试1/3,ProductInStockingPoint,calcIsFromProduction,8879,5952
supplychain-planner,性能测试1/3,PlanOrder,calcToPlant,13611,13853
supplychain-planner,性能测试1/3,ProductRoutingInMonth,calcLastStep,2512,987
supplychain-planner,性能测试1/3,ProductInStockingPointInPeriod,calcDetectedPISPIP,152420,41664
supplychain-planner,性能测试1/3,ProductInStockingPointInPeriodForPP,calcPurchaseOrderReleaseQuantity,16177,27776
supplychain-planner,性能测试1/3,PlanOrder,calcPlanOrderSteps,36592,13853
supplychain-planner,性能测试1/3,ProductInStockingPoint,calcSupplyChainPlanner,9993,5952
supplychain-planner,性能测试1/3,ProductInStockingPoint,calcNeedProductionInBatch,1873,5952
supplychain-planner,性能测试1/3,ProductInStockingPoint,calcTuneQuantity,3156,5952
supplychain-planner,性能测试1/3,ProductInStockingPoint,calcInventoryCosts,3567,5952
supplychain-planner,性能测试1/3,InputProduct,calcIsNeededForOptimization,692,1979
supplychain-planner,性能测试1/3,ProductRouting,calcPlanOrderQuantityForN1,762,3951
supplychain-planner,性能测试1/3,PeriodTask,calcResourceFlag,19562,23736
supplychain-planner,性能测试1/3,UnitPeriodTime,calcWIP,143,1330
supplychain-planner,性能测试1/3,PlanOrder,calcProductRoutingIdInSC,15038,13853
supplychain-planner,性能测试1/3,ProductInStockingPoint,calcBreakDownCount,2698,5952
supplychain-planner,性能测试1/3,PeriodTask,calcFreeCapacity,7723,15824
supplychain-planner,性能测试1/3,ProductRouting,calcHasMinOrderQuantity,472,1979
supplychain-planner,性能测试1/3,Product,calcHasDemand,1075,1989
supplychain-planner,性能测试1/3,ProductRouting,calcProductRoutingInMonthForN1,23254,3952
supplychain-planner,性能测试1/3,DependentDemand,calcIsNecessaryDependentDemand,4678,11823
supplychain-planner,性能测试1/3,SupplyChain,calcProductionRoutings,2135,18
supplychain-planner,性能测试1/3,PeriodTask,calcRequiredInventory,2073,7912
supplychain-planner,性能测试1/3,NewSupply,calcSupplyFulfilledDemands,1905,7912
supplychain-planner,性能测试1/3,OutputProduct,calcIsNeededForOptimization,632,1979
supplychain-planner,性能测试1/3,PlanOrder,calcDependentDemands,16772,17801
supplychain-planner,性能测试1/3,SupplyChainUnit,calcMaximumLoadPercentage,90,195
supplychain-planner,性能测试1/3,PeriodTask,calcTotalAvailableCapacity,3236,7912
supplychain-planner,性能测试1/3,ProductInStockingPoint,calcHasSupplyLoop,3250,6939
supplychain-planner,性能测试1/3,ProductInStockingPoint,calcMonthlyInnerNewSupplyQuantityN1,2014,5952
supplychain-planner,性能测试1/3,PlanOrderStep,calcStepSequenceNr,9491,13853
supplychain-planner,性能测试1/3,PeriodTask,calcViceAsConstraint,4131,7912
supplychain-planner,性能测试1/3,ProductInStockingPointInMonth,calcProductAttribute,14954,5952
supplychain-planner,性能测试1/3,UnitPeriodQuantity,calcMaximumLoadPercentage,65,63
supplychain-planner,性能测试1/3,Product,calcPurchaseRequests,966,1989
supplychain-planner,性能测试1/3,ProductInStockingPointInMonth,calcProductionSupplyQuantity,8173,23808
supplychain-planner,性能测试1/3,PeriodTask,calcPeriod,7100,7912
supplychain-planner,性能测试1/3,ProductRoutingInMonth,calcProductId,1690,987
supplychain-planner,性能测试1/3,ProductInStockingPointInPeriod,calcNewSupplyQuantityInPP,34264,69440
supplychain-planner,性能测试1/3,ProductInStockingPoint,calcUserInventoryCoef,2610,5952
supplychain-planner,性能测试1/3,SupplyChainPlanner,calcTotalNrOfPeriods,524,1
supplychain-planner,性能测试1/3,ProductInStockingPoint,calcMonthlyPhysicalInventoryEndN1,1608,5952
supplychain-planner,性能测试1/3,ProductInStockingPointInPeriod,calcMaterialReason,26151,49576
supplychain-planner,性能测试1/3,PeriodTask,calcBaseCostPerQuantity,3790,7912
supplychain-planner,性能测试1/3,DependentDemand,calcInvalidRoutingInfo,647,3968
supplychain-planner,性能测试1/3,ProductInStockingPointInPeriod,calcReleasedInventorySuppliesFulfilledDemands,17890,41664
supplychain-planner,性能测试1/3,SupplyChainUnit,calcUnitGroupId,270,195
supplychain-planner,性能测试1/3,ProductRouting,calcMainUOMId,18788,1979
supplychain-planner,性能测试1/3,ProductInStockingPointInPeriod,calcInnerNewSupplyQuantity,17842,41664
supplychain-planner,性能测试1/3,ProductInStockingPoint,calcProductInStockingPointInPeriodsForPP,15255,11904
supplychain-planner,性能测试1/3,DependentDemand,calcProductInStockingPoint,4555,3948
supplychain-planner,性能测试1/3,Product,calcLevel,3344,3973
supplychain-planner,性能测试1/3,BusinessKPI,calcUnitPeriods,8440,134
supplychain-planner,性能测试1/3,ProductInStockingPoint,calcHasPlannedDemand,18563,11904
supplychain-planner,性能测试1/3,UnitPeriodQuantity,calcMaxTotalProductCapacity,19,35
supplychain-planner,性能测试1/3,Period,calcMaxPostponeDate,11,7
supplychain-planner,性能测试1/3,OutputProduct,calcLoopTag,1149,1979
supplychain-planner,性能测试1/3,Period,calcOnTimeFulfillmentQty,5,7
supplychain-planner,性能测试1/3,ProductInStockingPointInPeriodForPP,calcProduct,38378,27776
supplychain-planner,性能测试1/3,ProductRouting,calcIsTransportRouting,434,1979
supplychain-planner,性能测试1/3,ProductInStockingPointInPeriod,calcPurchaseRequestDetectQuantity,16493,41664
supplychain-planner,性能测试1/3,ProductInStockingPointInPeriodForPP,calcReleasePISPIP,51514,27776
supplychain-planner,性能测试1/3,UnitPeriodQuantity,calcNext,42,35
supplychain-planner,性能测试1/3,PeriodTask,calcQuantityIn,3288,7912
supplychain-planner,性能测试1/3,ProductInStockingPoint,calcMonthlyNewSupplyQuantityN,6065,11904
supplychain-planner,性能测试1/3,DependentDemand,calcInputValidFrom,2975,3948
supplychain-planner,性能测试1/3,PeriodTask,calcEnd,3803,7912
supplychain-planner,性能测试1/3,PeriodDefinition,calcMaxReleasePeriodQty,3,1
supplychain-planner,性能测试1/3,Product,calcProductionQuantity,2475,2976
supplychain-planner,性能测试1/3,ProductInStockingPointInPeriod,calcTargetInQuantity,15486,41664
supplychain-planner,性能测试1/3,UnitPeriodQuantity,calcPeriodTasks,8412,70
supplychain-planner,性能测试1/3,ProductInStockingPointInMonth,calcLastProductInStockingPointInPeriod,16459,23808
supplychain-planner,性能测试1/3,OutputProduct,calcSystemQuantity,4315,3958
supplychain-planner,性能测试1/3,UnitPeriodTime,calcVariableCostFactor,2458,1330
supplychain-planner,性能测试1/3,DependentDemand,calcIsAllowedDependentDemand,3422,3948
supplychain-planner,性能测试1/3,UnitPeriodTime,calcPrevious,2038,1330
supplychain-planner,性能测试1/3,PlanOrder,calcStart,26048,13853
supplychain-planner,性能测试1/3,PlanOrder,calcProduct,19797,13853
supplychain-planner,性能测试1/3,ProductInStockingPoint,calcStockStatistics,3561,5952
supplychain-planner,性能测试1/3,ProductInStockingPointInMonth,calcReason,1454,5952
supplychain-planner,性能测试1/3,NewSupply,calcBaseCost,6288,7912
supplychain-planner,性能测试1/3,ProductInStockingPointInPeriodForPP,calcPurchaseOrderDetectQuantity,16215,27776
supplychain-planner,性能测试1/3,UnitPeriodTime,calcDuration,1082,1330
supplychain-planner,性能测试1/3,SupplyChainUnit,calcMutexProductionsInPeriodForUnitB,62,195
supplychain-planner,性能测试1/3,SupplyChainUnit,calcMutexProductionsInPeriodForUnitA,62,195
supplychain-planner,性能测试1/3,Product,calcTotalAvailableInventoryQuantity,537,1989
supplychain-planner,性能测试1/3,ProductInStockingPointInPeriodForPP,calcPhysicalInventoryLevelEnd,20636,51584
supplychain-planner,性能测试1/3,ProductRoutingInDay,calcLastAssignmentsFromPP,6503,34545
supplychain-planner,性能测试1/3,Period,calcRatioDays,9,7
supplychain-planner,性能测试1/3,ProductInStockingPoint,calcProductInStockingPointInDays,3669,5952
supplychain-planner,性能测试1/3,PeriodTask,calcIsUnitFreeCapacityUnFillMinOQ,2373,11860
supplychain-planner,性能测试1/3,Period,calcIsPeriodFrozen,7,7
supplychain-planner,性能测试1/3,ProductInStockingPoint,calcMonthlyNewSupplyQuantityN1,1363,5952
supplychain-planner,性能测试1/3,StockingPoint,calcStockingPointCosts,8,8
supplychain-planner,性能测试1/3,PeriodTask,calcUsedCapacity,2319,7912
supplychain-planner,性能测试1/3,ProductInStockingPointInMonth,calcOriginalSalesDemandQuantity,7040,23808
supplychain-planner,性能测试1/3,Product,calcOrderCarryOver,720,1989
supplychain-planner,性能测试1/3,ProductInStockingPointInPeriod,calcSupplyFulfilledDependentDemands,23788,45612
supplychain-planner,性能测试1/3,ProductInStockingPointInPeriod,calcUnfulfilledQuantity,15524,41664
supplychain-planner,性能测试1/3,ProductRouting,calcSupplyWithLotSize,372,1979
supplychain-planner,性能测试1/3,DependentDemand,calcUnallocatedQuantityByUserOrOptimizer,638,3948
supplychain-planner,性能测试1/3,ProductInStockingPointInPeriod,calcDetectInventoryLevelEnd,17001,41664
supplychain-planner,性能测试1/3,ProductInStockingPointInPeriodForPP,calcDependentDemandQuantity,6711,27776
supplychain-planner,性能测试1/3,OutputProduct,calcProductName,1850,1979
supplychain-planner,性能测试1/3,PeriodTask,calcCostPerQuantity,5698,7912
supplychain-planner,性能测试1/3,ProductInStockingPointInPeriod,calcTargetInventorySpecification,16463,41664
supplychain-planner,性能测试1/3,ProductInStockingPointInMonth,calcFulfilledDemandQuantity,6322,23808
supplychain-planner,性能测试1/3,ProductInStockingPointInPeriod,calcProductionRoutings,83088,55482
supplychain-planner,性能测试1/3,ProductInStockingPointInPeriodForPP,calcInventorySupplyQuantity,15583,27776
supplychain-planner,性能测试1/3,ProductRouting,calcIsLeadRouting,8501,2965
supplychain-planner,性能测试1/3,ProductInStockingPoint,calcHasSalesDemand,2464,5952
supplychain-planner,性能测试1/3,ProductRouting,calcMaxOrderQuantity,17237,1979
supplychain-planner,性能测试1/3,PlanOrderStep,calcProduct,24099,13853
supplychain-planner,性能测试1/3,ProductRouting,calcSupplyChainPlanner,19061,1979
supplychain-planner,性能测试1/3,ProductInStockingPointInPeriod,calcProductionLines,72861,55482
supplychain-planner,性能测试1/3,SupplyChainUnit,calcHasChildUsedInProductRoutingStep,407,262
supplychain-planner,性能测试1/3,PlanOrderStep,calcIsBeforeStartOfPlanningHorizon,6004,13853
supplychain-planner,性能测试1/3,BusinessKPI,calcTotalUsedCapacity,1599,67
supplychain-planner,性能测试1/3,ProductInStockingPointInPeriod,calcAllFulfilledDemandQuantityForOG,14173,41664
supplychain-planner,性能测试1/3,InputProduct,calcSupplyCheckInfo,5479,2966
supplychain-planner,性能测试1/3,ProductInStockingPointInPeriod,calcAllUnfulfilledDemandQuantityForOG,14429,41664
supplychain-planner,性能测试1/3,UnitAvailability,calcShiftPattern,47,14
supplychain-planner,性能测试1/3,PeriodTask,calcInventoryLevelEnd,6555,21758
supplychain-planner,性能测试1/3,ProductInStockingPoint,calcGlobalParameter,10435,5952
supplychain-planner,性能测试1/3,ProductInStockingPointInPeriod,calcExpirePISPIPs,32194,41664
supplychain-planner,性能测试1/3,UnitPeriodQuantity,calcHasUnitCost,51,35
supplychain-planner,性能测试1/3,ProductRouting,calcProductRoutingInDays,31696,3958
supplychain-planner,性能测试1/3,NewSupply,calcCost,5510,7912
supplychain-planner,性能测试1/3,PlanOrder,calcSuppliesFulfilledDependentDemands,6421,17801
supplychain-planner,性能测试1/3,ProductInStockingPointInPeriod,calcIsRawMaterialStockingPoint,60601,41664
supplychain-planner,性能测试1/3,ProductInStockingPointInPeriod,calcNewSupplies,92830,83328
supplychain-planner,性能测试1/3,Product,calcNeedDetect,1177,1989
supplychain-planner,性能测试1/3,DependentDemand,calcAllocatedQuantityByUserOrOptimizer,902,3948
supplychain-planner,性能测试1/3,ProductRouting,calcTotalQuantityFromPPNextMonth,997,3951
supplychain-planner,性能测试1/3,ProductInStockingPointInPeriod,calcInventoryFlag,33303,41664
supplychain-planner,性能测试1/3,Product,calcAverageQuantityDemandInMonth,361,1989
supplychain-planner,性能测试1/3,ProductInStockingPointInPeriodForPP,calcInventoryLevelStart,11656,51584
supplychain-planner,性能测试1/3,PlanOrder,calcIsLeadRouting,10599,13853
supplychain-planner,性能测试1/3,ReleaseStatus,calcReleaseStatus,9,1
supplychain-planner,性能测试1/3,ProductInStockingPointInPeriodForPP,calcSalesDemandRemainQuantity,22350,51584
supplychain-planner,性能测试1/3,PlanOrder,calcQtyMinusReleaseQty,5417,13853
supplychain-planner,性能测试1/3,ProductInStockingPoint,calcTargetInventoryLevelEndForNRelease,3489,5952
supplychain-planner,性能测试1/3,PeriodTask,calcLeadSameStepInPeriods,14347,15824
supplychain-planner,性能测试1/3,Product,calcOrderRemain,1043,1989
supplychain-planner,性能测试1/3,UnitPeriodTime,calcTotalAvailableCapacity,2674,2659
supplychain-planner,性能测试1/3,ProductInStockingPointInPeriod,calcCanReleaseBeforeInfinitePurchase,34488,41664
supplychain-planner,性能测试1/3,Period,calcSalesDemandQuantity,4,7
supplychain-planner,性能测试1/3,StockingPoint,calcIsRawMaterialStockingPoint,4,8
supplychain-planner,性能测试1/3,Period,calcPeriodMonth,8,7
supplychain-planner,性能测试1/3,ProductInStockingPoint,calcStockingPointId,13128,5952
supplychain-planner,性能测试1/3,Period,calcPostponedFulfillmentQuantity,4,7
supplychain-planner,性能测试1/3,ProductInStockingPointInPeriod,calcPurchaseNewSupplyQuantity,20283,45628
supplychain-planner,性能测试1/3,ProductInStockingPointInPeriodForPP,calcNewSupplyQuantity,44095,165956
supplychain-planner,性能测试1/3,ProductInStockingPoint,calcTunePercent,2268,5952
supplychain-planner,性能测试1/3,PeriodDefinition,calcNrOfPeriods,5,2
supplychain-planner,性能测试1/3,ProductInStockingPointInPeriod,calcTargetInventoryLevel,15803,41664
supplychain-planner,性能测试1/3,SupplyChainPlanner,calcStartOfHistorical,14,1
supplychain-planner,性能测试1/3,SupplyChainUnit,calcStockingPointUnits,172,195
supplychain-planner,性能测试1/3,PeriodTask,calcPrevious,9507,15824
supplychain-planner,性能测试1/3,ProductRouting,calcValidTill,14228,1979
supplychain-planner,性能测试1/3,DependentDemand,calcUnfulfilledQuantity,876,3948
supplychain-planner,性能测试1/3,BusinessKPI,calcAllProductionQuantity,8,1
supplychain-planner,性能测试1/3,PlanOrderStep,calcQuantity,9086,13853
supplychain-planner,性能测试1/3,ProductRouting,calcUsedCapacity,1826,3957
supplychain-planner,性能测试1/3,Product,calcIsConventionalProduct,2279,1989
supplychain-planner,性能测试1/3,PeriodTask,calcEndDate,3842,7912
supplychain-planner,性能测试1/3,ProductRouting,calcBomValidTill,12509,1979
supplychain-planner,性能测试1/3,PlanOrder,calcInputs,23004,13853
supplychain-planner,性能测试1/3,SupplyChainUnit,calcHasCapacityType,283,195
supplychain-planner,性能测试1/3,ProductInStockingPointInPeriod,calcLaterFulfilledFulfilledDemandQuantity,17436,41664
supplychain-planner,性能测试1/3,OutputProduct,calcProductRouting,2656,1979
supplychain-planner,性能测试1/3,ProductInStockingPointInPeriod,calcChildrenPISP,21048,41664
supplychain-planner,性能测试1/3,Product,calcBillOfMaterials,2673,1989
supplychain-planner,性能测试1/3,PeriodDefinition,calcPreviousPeriodDefinition,1,1
supplychain-planner,性能测试1/3,ProductInStockingPointInPeriod,calcInventoryDemandFulfilledQuantity,15654,41664
supplychain-planner,性能测试1/3,UnitPeriodQuantity,calcStart,62,35
supplychain-planner,性能测试1/3,ProductInStockingPoint,calcSourcePISPs,20886,7931
supplychain-planner,性能测试1/3,OutputProduct,calcFactor,1915,3958
supplychain-planner,性能测试1/3,ProductRoutingStepOnUnit,calcProductRoutingStepOnUnitOnViceTypes,467,1979
supplychain-planner,性能测试1/3,ProductInStockingPointInPeriod,calcTargetInventoryUnfulfilledReason,143645,91240
supplychain-planner,性能测试1/3,ProductInStockingPointInPeriod,calcSupplyQuantity,15074,41664
supplychain-planner,性能测试1/3,UnitPeriodTime,calcNext,2295,1330
supplychain-planner,性能测试1/3,ProductRoutingInMonth,calcIsOutsidePurchase,290,987
supplychain-planner,性能测试1/3,UnitPeriodTime,calcTotalCapacityDuration,1731,2023
supplychain-planner,性能测试1/3,UnitPeriodTime,calcFreeCapacity,2677,1393
supplychain-planner,性能测试1/3,NewSupply,calcProductInStockingPoint,7629,7912
supplychain-planner,性能测试1/3,UnitPeriodTime,calcTotalExtraCapacityDuration,565,1330
supplychain-planner,性能测试1/3,ProductInStockingPoint,calcIsUsed,30636,11904
supplychain-planner,性能测试1/3,SupplyChain,calcParent,15,6
supplychain-planner,性能测试1/3,ProductInStockingPointInPeriodForPP,calcFulfilledSalesDemandQuantity,6423,27776
supplychain-planner,性能测试1/3,ProductInStockingPoint,calcMonthlyFulfillRatioN,2024,5952
supplychain-planner,性能测试1/3,ProductRoutingStep,calcPrevious,1553,1979
supplychain-planner,性能测试1/3,Product,calcInventoryCoverDays,2486,1989
supplychain-planner,性能测试1/3,UnitPeriodQuantity,calcUnitPeriodInOwner,62,35
supplychain-planner,性能测试1/3,ProductInStockingPoint,calcSupplyCheck,69505,12891
supplychain-planner,性能测试1/3,PeriodTask,calcPlanOrder,26764,15824
supplychain-planner,性能测试1/3,ProductInStockingPointInPeriod,calcDemandQuantity,18334,41664
supplychain-planner,性能测试1/3,Product,calcAllBillOfMaterials,2546,1989
supplychain-planner,性能测试1/3,ProductInStockingPoint,calcHasPointedSupplied,3981,5952
supplychain-planner,性能测试1/3,ProductInStockingPointInPeriod,calcInventoryDemandFulfilledInDays,17451,41664
supplychain-planner,性能测试1/3,ProductInStockingPointInPeriod,calcPispipForPp,163788,83328
supplychain-planner,性能测试1/3,PlanOrder,calcFromPlant,12285,13853
supplychain-planner,性能测试1/3,ProductInStockingPoint,calcIsRawMaterialStockingPoint,6200,5952
supplychain-planner,性能测试1/3,ProductRouting,calcIsReplaceRouting,565,1979
supplychain-planner,性能测试1/3,DependentDemand,calcInputInvalidEnforce,1179,3948
supplychain-planner,性能测试1/3,ProductRoutingStep,calcQuantityToProcess,5064,2966
supplychain-planner,性能测试1/3,StockingPoint,calcProductInStockingPoints,8894,16
supplychain-planner,性能测试1/3,ProductInStockingPoint,calcSupplyChainPlannerTime,7059,5952
supplychain-planner,性能测试1/3,ProductInStockingPoint,calcMaxUnfulfilledQuantity,2876,5952
supplychain-planner,性能测试1/3,Product,calcPurchaseOrders,1125,1989
supplychain-planner,性能测试1/3,PlanOrder,calcHasMaxOQInThisPeriod,3146,13853
supplychain-planner,性能测试1/3,PeriodTask,calcPeriodTaskInOwner,15580,15824
supplychain-planner,性能测试1/3,ProductInStockingPointInPeriod,calcPurchaseOrderDetectQuantity,16511,41664
supplychain-planner,性能测试1/3,UnitPeriodTime,calcCurrencyInPeriod,90,1330
supplychain-planner,性能测试1/3,ProductRouting,calcIsForProduction,10954,1979
supplychain-planner,性能测试1/3,ProductInStockingPointInPeriod,calcPurchaseRequestSuppliesFulfilledDemands,17909,41664
supplychain-planner,性能测试1/3,UnitPeriodQuantity,calcHasUnitAvailability,8,35
supplychain-planner,性能测试1/3,ProductInStockingPointInPeriod,calcIsUndetectedStockingPoint,101382,41664
supplychain-planner,性能测试1/3,Product,calcHasProductProductionRoutingSteps,11399,2977
supplychain-planner,性能测试1/3,ProductInStockingPoint,calcTargetInventoryLevelEndForN,7275,11904
supplychain-planner,性能测试1/3,MonthlyPeriod,calcPeriods,27,1
supplychain-planner,性能测试1/3,SupplyChainPlanner,calcPeriods,573,1
supplychain-planner,性能测试1/3,UnitPeriodQuantity,calcWIP,4,35
supplychain-planner,性能测试1/3,PlanOrderStep,calcWorkShopId,18230,13853
supplychain-planner,性能测试1/3,PlanOrder,calcFromSP,16191,13853
supplychain-planner,性能测试1/3,ProductInStockingPointInPeriodForPP,calcFinishedQuantity,10525,31724
supplychain-planner,性能测试1/3,UnitPeriodTime,calcTotalUnavailableCapacity,1708,2023
supplychain-planner,性能测试1/3,PeriodTask,calcIsFrozen,2319,7912
supplychain-planner,性能测试1/3,ProductRoutingStep,calcInputOutputProducts,6655,2966
supplychain-planner,性能测试1/3,Product,calcActiveProductLevel,2486,1989
supplychain-planner,性能测试1/3,SupplyChainUnit,calcChildren,1575,195
supplychain-planner,性能测试1/3,UnitPeriodQuantity,calcUnitMutexInPeriod,8,35
supplychain-planner,性能测试1/3,PeriodDefinitionSequence,calcStart,13,1
supplychain-planner,性能测试1/3,ProductInStockingPointInPeriodForPP,calcReleaseProductRoutingInDays,1666636,1022644
supplychain-planner,性能测试1/3,ProductInStockingPointInPeriodForPP,calcAbnormalTime,10634,31724
supplychain-planner,性能测试1/3,ProductInStockingPointInMonth,calcPhysicalInventoryLevelStart,3102,11904
supplychain-planner,性能测试1/3,Product,calcInsertOrderDemandsForN,798,1989
supplychain-planner,性能测试1/3,ProductInStockingPoint,calcCumulativeCycleTime,4647,7931
supplychain-planner,性能测试1/3,PeriodTask,calcAsLeadPreviousStepInPeriod,3427,7912
supplychain-planner,性能测试1/3,PeriodTask,calcCurrencyInPeriod,2749,7912
supplychain-planner,性能测试1/3,PeriodTask,calcStart,3886,7912
supplychain-planner,性能测试1/3,ProductInStockingPoint,calcChildrenProduct,4303,5952
supplychain-planner,性能测试1/3,UnitPeriodQuantity,calcUnitAvailabilitiesOnOwner,7,35
supplychain-planner,性能测试1/3,ProductRouting,calcProductRoutingSteps,30565,4944
supplychain-planner,性能测试1/3,Product,calcFinishedQuantity,1423,2976
supplychain-planner,性能测试1/3,BillOfMaterial,calcRawMaterial,2479,1984
supplychain-planner,性能测试1/3,ProductInStockingPoint,calcTotalFulfilledDependentDemandQuantity,2064,5952
supplychain-planner,性能测试1/3,PlanOrderStep,calcPlanOrderId,18247,13853
supplychain-planner,性能测试1/3,UnitPeriodTime,calcMaxTotalProductCapacity,88,1330
supplychain-planner,性能测试1/3,DependentDemand,calcQuantityFromOpt,972,3948
supplychain-planner,性能测试1/3,ProductInStockingPoint,calcCurrentPhysicalInventoryQuantity,3448,5952
supplychain-planner,性能测试1/3,UnitPeriodQuantity,calcShiftPattern,8,35
supplychain-planner,性能测试1/3,ProductRoutingInDay,calcReleaseProductInStockingPointInPeriod,154722,34545
supplychain-planner,性能测试1/3,PlanOrder,calcHasLotSizeInThisPeriod,3141,13853
supplychain-planner,性能测试1/3,ProductInStockingPointInPeriod,calcResourceFlag,23746,49576
supplychain-planner,性能测试1/3,PlanOrderStep,calcWorkOrderSteps,5686,13853
supplychain-planner,性能测试1/3,UnitPeriodTime,calcDigitalRoutingPatternId,1090,1330
supplychain-planner,性能测试1/3,ProductInStockingPointInPeriod,calcOriginalSalesDemandQuantity,17283,41664
supplychain-planner,性能测试1/3,ProductInStockingPointInMonth,calcDependentDemandQuantity,6866,23808
supplychain-planner,性能测试1/3,UnitPeriodQuantity,calcSupplyChainPlanner,25,35
supplychain-planner,性能测试1/3,ProductRoutingInDay,calcLastRoutingStep,218570,34545
supplychain-planner,性能测试1/3,DependentDemand,calcPreviousPeriodTask,6667,3948
supplychain-planner,性能测试1/3,ProductRouting,calcTotalQuantityFromPP,145959,2966
supplychain-planner,性能测试1/3,SupplyChainUnit,calcUnitMutexInPeriod,150,195
supplychain-planner,性能测试1/3,Product,calcIsJitOuterPackageMaterial,872,1989
supplychain-planner,性能测试1/3,ProductInStockingPointInPeriodForPP,calcPurchaseRequestReleaseQuantity,16614,27776
supplychain-planner,性能测试1/3,ProductInStockingPointInPeriod,calcUnUsedQuantity,15262,41664
supplychain-planner,性能测试1/3,PeriodTask,calcLeadNextStepInPeriods,6507,7912
supplychain-planner,性能测试1/3,ProductRoutingInMonth,calcPlanQuantity,1447,987
supplychain-planner,性能测试1/3,ProductRoutingInMonth,calcEnd,1268,987
supplychain-planner,性能测试1/3,UnitPeriodTime,calcMutexProductions,329,1330
supplychain-planner,性能测试1/3,ProductionVersion,calcProduct,1429,1990
supplychain-planner,性能测试1/3,ProductRoutingStep,calcQuantityFromPreviousStepFactor,653,3958
supplychain-planner,性能测试1/3,UnitPeriodTime,calcVariableCostPerHour,269,1330
supplychain-planner,性能测试1/3,SupplyChainUnit,calcSupplyChainId,307,195
supplychain-planner,性能测试1/3,PeriodTask,calcDependentDemands,28059,15824
supplychain-planner,性能测试1/3,ProductInStockingPointInMonth,calcNewSupplyQuantityInPP,7122,9920
supplychain-planner,性能测试1/3,ProductInStockingPointInPeriod,calcPurchaseOrderReleaseQuantity,16206,41664
supplychain-planner,性能测试1/3,InputProduct,calcProductInStokingPoint,3222,1979
supplychain-planner,性能测试1/3,ProductInStockingPoint,calcTunePercentage,7078,5952
supplychain-planner,性能测试1/3,PeriodTask,calcUnitPeriodMutexExtra,2549,7912
supplychain-planner,性能测试1/3,ProductInStockingPoint,calcInventoryCostRatio,11691,7931
supplychain-planner,性能测试1/3,SupplyChainUnit,calcProductRoutings,29710,585
supplychain-planner,性能测试1/3,ProductRouting,calcTotalAvailableCapacity,4812,3957
supplychain-planner,性能测试1/3,SupplyChain,calcLevel,8,6
supplychain-planner,性能测试1/3,ProductRoutingInDay,calcReleaseProductInStockingPointInPeriods,191925,34545
supplychain-planner,性能测试1/3,ProductRouting,calcProductionVersionValidTill,4953,1979
supplychain-planner,性能测试1/3,PlanOrder,calcOrderTypeName,7014,13853
supplychain-planner,性能测试1/3,PlanOrderStep,calcDependentDemands,15997,13853
supplychain-planner,性能测试1/3,ProductInStockingPointInPeriodForPP,calcFulfilledDemandQuantity,6957,27776
supplychain-planner,性能测试1/3,ProductRoutingStep,calcLeadRoutingStepOnUnit,2596,3958
supplychain-planner,性能测试1/3,UnitPeriodQuantity,calcCapacityFactor,48,35
supplychain-planner,性能测试1/3,PeriodTask,calcPreviousUnitPeriod,4625,7912
supplychain-planner,性能测试1/3,ProductInStockingPointInPeriod,calcIsBeforeStartOfPlanningHorizon,24002,41664
supplychain-planner,性能测试1/3,ProductInStockingPointInPeriod,calcPrevious,129278,41664
supplychain-planner,性能测试1/3,Product,calcProductLevelNode,4023,1989
supplychain-planner,性能测试1/3,PeriodTask,calcPeriodTasksOnPRS,15090,15824
supplychain-planner,性能测试1/3,NewSupply,calcRelativeDuration,4087,7912
supplychain-planner,性能测试1/3,DependentDemand,calcLeadSameStepInPeriodsOnPT,8094,3948
supplychain-planner,性能测试1/3,ProductInStockingPointInPeriod,calcIsFirstBreakDownStockInSeries,15990,41664
supplychain-planner,性能测试1/3,Period,calcSupplyChainUnitNode,18950,14
supplychain-planner,性能测试1/3,ProductRoutingInDay,calcDetectedDuration,6718,34545
supplychain-planner,性能测试1/3,ProductInStockingPointInPeriod,calcUnfulfillReason,46967,91240
supplychain-planner,性能测试1/3,ProductRoutingInMonth,calcProductRoutingInDays,13230,987
supplychain-planner,性能测试1/3,OutputProduct,calcHasLikToProductInStockingPoint,816,1979
supplychain-planner,性能测试1/3,UnitPeriodQuantity,calcUnitCapacity,1729,63
supplychain-planner,性能测试1/3,PeriodTask,calcAllPlanOrderSteps,43284,15824
supplychain-planner,性能测试1/3,DependentDemand,calcSupplyFulfilledDemands,575,3948
supplychain-planner,性能测试1/3,PeriodTask,calcProductIdOfOutput,5175,7912
supplychain-planner,性能测试1/3,PeriodDefinitionSequence,calcEnd,28,3
supplychain-planner,性能测试1/3,ProductRoutingInDay,calcPlanReleaseDate,139555,34545
supplychain-planner,性能测试1/3,PeriodTask,calcIsUnitGroupAvailableCapacityZero,23884,19788
supplychain-planner,性能测试1/3,PlanOrder,calcQuantity,9602,13853
supplychain-planner,性能测试1/3,ProductInStockingPoint,calcSampleCount,2623,5952
supplychain-planner,性能测试1/3,PlanOrder,calcNeedReleaseQuantity,9675,25727
supplychain-planner,性能测试1/3,OutputProduct,calcHasSameUOM,4192,1979
supplychain-planner,性能测试1/3,UnitPeriodQuantity,calcTotalUnavailableCapacity,88,63
supplychain-planner,性能测试1/3,UnitPeriodTime,calcMinCapacity,105,1330
supplychain-planner,性能测试1/3,PeriodTask,calcMaterialReason,15432,11860
supplychain-planner,性能测试1/3,UnitPeriodTime,calcChildrenUnits,836,1330
supplychain-planner,性能测试1/3,PlanOrderStep,calcProductRoutingId,13798,13853
supplychain-planner,性能测试1/3,UnitPeriodQuantity,calcUnitCost,7,35
supplychain-planner,性能测试1/3,ProductRoutingInMonth,calcFromPISP,2317,987
supplychain-planner,性能测试1/3,NewSupply,calcIsLastForPT,7666,7912
supplychain-planner,性能测试1/3,Period,calcNextPeriod,13,7
supplychain-planner,性能测试1/3,ProductInStockingPointInPeriod,calcInnerNewSupplies,22873,49576
supplychain-planner,性能测试1/3,OutputProduct,calcProductRoutingSteps,2749,2971
supplychain-planner,性能测试1/3,ProductInStockingPoint,calcIsFinishedProductStockingPoint,9685,5952
supplychain-planner,性能测试1/3,UnitPeriodQuantity,calcNrOfOpen,62,63
supplychain-planner,性能测试1/3,DependentDemand,calcReleaseInventoryLevelEnd,2841,3948
supplychain-planner,性能测试1/3,ProductInStockingPointInPeriod,calcInvalidRoutingFlag,338078,166236
supplychain-planner,性能测试1/3,ProductInStockingPoint,calcOriginalSalesDemandQuantityForN,6744,11904
supplychain-planner,性能测试1/3,DependentDemand,calcFactor,2982,3948
supplychain-planner,性能测试1/3,PlanOrderStep,calcEnd,17523,13853
supplychain-planner,性能测试1/3,Product,calcProductInStockingPointInPeriods,30896,9925
supplychain-planner,性能测试1/3,PeriodDefinition,calcTimeUnitLevel,2,1
supplychain-planner,性能测试1/3,SupplyChainUnit,calcOutputStockingPointUnits,117,195
supplychain-planner,性能测试1/3,DailyPeriod,calcDuration,42,35
supplychain-planner,性能测试1/3,InputProduct,calcProductName,970,1979
supplychain-planner,性能测试1/3,PlanOrderStep,calcPeriod,20286,13853
supplychain-planner,性能测试1/3,PeriodDefinitionSequence,calcPeriods,30,2
supplychain-planner,性能测试1/3,UnitPeriodTime,calcHasUnitCost,2455,1330
supplychain-planner,性能测试1/3,ProductInStockingPoint,calcOriginalSalesDemandQuantityForN3,2371,5952
supplychain-planner,性能测试1/3,ProductInStockingPoint,calcOriginalSalesDemandQuantityForN2,2519,5952
supplychain-planner,性能测试1/3,SupplyChainPlanner,calcLatestFrozenPeriodStart,523,1
supplychain-planner,性能测试1/3,ProductInStockingPoint,calcOriginalSalesDemandQuantityForN1,1903,5952
supplychain-planner,性能测试1/3,Product,calcTotalQuantityDemandN,970,1989
supplychain-planner,性能测试1/3,UnitPeriodQuantity,calcMaintenanceFactor,7,35
supplychain-planner,性能测试1/3,Period,calcPlanOrders,36838,14
supplychain-planner,性能测试1/3,Product,calcParent,5002,3978
supplychain-planner,性能测试1/3,NewSupply,calcResourceFlag,6007,7912
supplychain-planner,性能测试1/3,PlanOrder,calcProductId,29307,13853
supplychain-planner,性能测试1/3,ProductInStockingPointInPeriod,calcIsSemiFinishedProductStockingPoint,18170,41664
supplychain-planner,性能测试1/3,ProductRouting,calcIsValid,21630,1979
supplychain-planner,性能测试1/3,ProductRouting,calcPeriodTasks,12001,3957
supplychain-planner,性能测试1/3,PeriodTask,calcAsLeadSameStepInPeriod,13941,15824
supplychain-planner,性能测试1/3,ProductRoutingStep,calcPeriodTasks,7485,3957
supplychain-planner,性能测试1/3,BusinessKPI,calcResourceUtilization,265,469
supplychain-planner,性能测试1/3,ProductInStockingPoint,calcTargetInventoryLevelEndForRelease,3902,5952
supplychain-planner,性能测试1/3,ProductInStockingPointInPeriod,calcProductionLinesOption,208634,55482
supplychain-planner,性能测试1/3,SupplyChainUnit,calcMutexProductions,75,195
supplychain-planner,性能测试1/3,DependentDemand,calcTotalQuantityFromOpt,926,3964
supplychain-planner,性能测试1/3,NewSupply,calcSupplierId,2347,11860
supplychain-planner,性能测试1/3,ProductRouting,calcHasProductInStockingPointToOptimized,3730,3958
supplychain-planner,性能测试1/3,ProductInStockingPoint,calcInitInventoryCoef,25464,7931
supplychain-planner,性能测试1/3,PlanOrderStep,calcLeadPeriodTask,16107,13853
supplychain-planner,性能测试1/3,ProductRoutingInDay,calcReleaseProductInStockingPoint,143562,34545
